receiver_id,receiver,posteam
00-0032104,A.Abdullah,"CAR, DET, MIN"
00-0000003,A.al-Jabbar,"CLE, MIA"
00-0028163,A.Allen,BAL
00-0028565,A.Allen,CHI
00-0025533,A.Allison,MIN
00-0030789,A.Andrews,TEN
00-0033296,A.Armah,"CAR, NO"
00-0026465,A.Armstrong,"MIA, WAS"
00-0023459,"Aa.Rodgers, A.Rodgers",GB
00-0026377,A.Arrington,NO
00-0033421,A.Auclair,"HOU, TB"
00-0020361,A.Bannister,SEA
00-0022064,A.Battle,"PIT, SF"
00-0019457,A.Becht,"ARI, KC, LA, NYJ, TB"
00-0034959,A.Beck,DEN
00-0027654,A.Benn,"JAX, TB"
00-0023217,A.Bergen,ARI
00-0028400,A.Binns,"CIN, MIA"
00-0019547,A.Black,"BUF, HOU"
00-0029050,A.Blake,PIT
00-0031075,A.Blue,HOU
00-0022084,A.Boldin,"ARI, BAL, DET, SF"
00-0025637,A.Bradshaw,"IND, NYG"
00-0036171,A.Brewer,TEN
00-0020520,A.Bright,CAR
00-0001823,A.Brooks,NO
00-0027094,A.Brown,NYG
00-0027129,A.Brown,DET
00-0027793,A.Brown,"NE, PIT, TB"
00-0035676,A.Brown,TEN
00-0021191,A.Bryant,"CLE, DAL, SF, TB"
00-0032441,A.Burbridge,SF
00-0026237,A.Caldwell,"CIN, DEN"
00-0034772,A.Callaway,"CLE, MIA"
00-0033382,A.Carr,NO
00-0002713,"A.Carter, T.Carter","DEN, GB, NE"
00-0019794,A.Cason,"DAL, DET, LA"
00-0027960,A.Castonzo,IND
00-0019997,A.Chatman,"CIN, GB"
00-0030832,A.Cleveland,"NE, SF"
00-0021528,A.Cobourne,DET
00-0027092,A.Collie,"IND, NE"
00-0032426,A.Collins,"BAL, SEA"
00-0003378,A.Connell,"NO, WAS"
00-0003441,A.Cooper,DEN
00-0031544,A.Cooper,"DAL, LV"
00-0003610,A.Craver,NO
00-0024234,A.Cromartie,NYJ
00-0032745,A.Cross,TB
00-0020285,A.Crumpler,"ATL, NE, TEN"
00-0027973,A.Dalton,"CIN, DAL"
00-0033937,A.Darboh,SEA
00-0021175,A.Davis,"BUF, CLE, HOU, NE"
00-0004200,A.Denson,MIA
00-0031609,A.Derby,"DEN, MIA"
00-0036265,A.Dillon,GB
00-0027772,A.Dixon,"BUF, SF"
00-0030540,A.Dobson,NE
00-0035021,A.Dulin,IND
00-0022883,"A.Echemandu, J.Echemandu","CLE, HOU"
00-0027692,A.Edwards,"CAR, CLE"
00-0033699,A.Ekeler,LAC
00-0030287,A.Ellington,"ARI, HOU"
00-0032864,A.Ellis,JAX
00-0032543,A.Erickson,"CAR, CIN"
00-0024268,A.Fasano,"DAL, KC, MIA, TEN"
00-0033455,A.Firkser,TEN
00-0026796,A.Foster,"HOU, MIA"
00-0005562,A.Freeman,"GB, PHI"
00-0036340,A.Gandy-Golden,WAS
00-0026929,A.Gardner,HOU
00-0021547,A.Gates,LAC
00-0036328,A.Gibson,WAS
00-0006047,A.Glover,"MIN, NO"
00-0025419,A.Gonzalez,IND
00-0006305,A.Green,"GB, HOU, SEA"
00-0027942,A.Green,"ARI, CIN"
00-0028034,A.Green,"GB, NYJ"
00-0006627,A.Hakim,"DET, LA, NO"
00-0023764,A.Hall,DEN
00-0024489,A.Hall,TEN
00-0023051,A.Halterman,MIA
00-0006877,A.Harper,DAL
00-0021121,A.Harris,HOU
00-0021750,A.Harris,"DET, LA"
00-0031830,A.Harris,GB
00-0007093,A.Hastings,NO
00-0027918,A.Hawkins,"CIN, CLE"
00-0023714,A.Haynes,CAR
00-0027713,A.Hernandez,NE
00-0026908,A.Hill,"HOU, IND"
00-0035104,A.Hollins,MIN
00-0023163,A.Holmes,MIA
00-0028263,A.Holmes,"BUF, DAL, DEN, LV"
00-0035632,A.Hooker,TEN
00-0032392,A.Hooper,"ATL, CLE"
00-0032009,A.Humphries,"TB, TEN, WAS"
00-0031743,A.Hunt,"HOU, KC"
00-0030821,A.Hurns,"DAL, JAX, MIA"
00-0035125,A.Ingold,LV
00-0035527,A.Isabella,ARI
00-0020018,A.Jackson,ARI
00-0033878,A.Jackson,TEN
00-0032956,A.Janovich,"CLE, DEN"
00-0029137,A.Jeffery,"CHI, PHI"
00-0029654,A.Jenkins,"KC, SF"
00-0024398,A.Jennings,ATL
00-0008430,A.Johnson,"CAR, JAX"
00-0022044,A.Johnson,"HOU, IND, TEN"
00-0029729,A.Johnson,NO
00-0023441,A.Jones,TEN
00-0032707,A.Jones,DET
00-0033293,A.Jones,GB
00-0008903,A.Jordan,MIN
00-0033906,A.Kamara,NO
00-0036000,A.Killins,PHI
00-0020415,A.King,CLE
00-0034521,A.Lazard,GB
00-0009738,A.Lee,"LA, PHI"
00-0021152,A.Lelie,"ATL, DEN, LV, SF"
00-0032407,A.Lewis,BAL
00-0027346,"Alf.Smith, A.Smith","ARI, SF"
00-0023506,"Al.Smith, A.Smith","CIN, CLE, PHI, TB, WAS"
00-0029668,A.Luck,IND
00-0026997,A.Mack,CLE
00-0035869,A.Mack,NYG
00-0021921,A.Madise,DEN
00-0034972,A.Mattison,MIN
00-0010598,A.Mayes,CHI
00-0027783,A.McCoy,SEA
00-0010762,A.McCullough,ARI
00-0036336,A.McFarland,PIT
00-0019510,A.Merritt,CHI
00-0034353,A.Miller,"CHI, HOU, PIT"
00-0011390,A.Mitchell,BAL
00-0023928,A.Mix,NYG
00-0021780,A.Moorehead,IND
00-0029141,A.Morris,"DAL, NYG, SF, WAS"
00-0036991,Am.Rodgers,GB
00-0011869,A.Murrell,"ARI, DAL, WAS"
00-0020403,"An.Thomas, A.Thomas","BUF, CHI, DAL, NO"
00-0012317,A.Ofodile,BAL
00-0036423,A.Okwuegbunam,DEN
00-0033705,A.Patton,LAC
00-0023561,A.Pearman,"JAX, SEA"
00-0021306,A.Peterson,CHI
00-0025394,A.Peterson,"ARI, DET, MIN, NO, TEN, WAS"
00-0028016,A.Pettis,LA
00-0012971,A.Pierce,BAL
00-0022006,A.Pinner,"DET, MIN"
00-0021936,A.Pinnock,LAC
00-0025494,A.Pittman,LA
00-0036727,A.Prentice,NO
00-0013298,A.Pupunu,"DET, LAC"
00-0027753,A.Quarless,GB
00-0021190,A.Randle,"PIT, WAS"
00-0013499,A.Reed,"BUF, WAS"
00-0028267,A.Reisner,"JAX, MIN"
00-0018588,A.Ricard,BAL
00-0031612,A.Ripkowski,GB
00-0013770,A.Rison,"KC, LV"
00-0027691,A.Roberts,"ARI, ATL, BUF, DET, HOU, NYJ, WAS"
00-0028116,A.Robinson,"ATL, MIN, SF, WAS"
00-0029281,A.Robinson,NYG
00-0031428,"A.Robinson, A.Robinson II","CHI, JAX"
00-0023443,A.Rolle,ARI
00-0014071,A.Rossum,SF
00-0028706,Ar.Smith,CLE
00-0030550,A.Sanders,JAX
00-0036999,A.Schwartz,CLE
00-0031418,A.Seferian-Jenkins,"JAX, NYJ, TB"
00-0033896,A.Shaheen,"CHI, MIA"
00-0019564,A.Shea,CLE
00-0028074,A.Sherman,"ARI, KC"
00-0015082,A.Smith,CIN
00-0015091,A.Smith,"BUF, NE, NO, TEN"
00-0023436,A.Smith,"KC, SF"
00-0026855,A.Smith,"ATL, TB"
00-0023529,A.Snyder,SF
00-0036963,A.St,DET
00-0015601,A.Stecker,"ATL, NO, TB"
00-0033916,A.Stewart,NYJ
00-0034686,A.Tate,CIN
00-0030035,A.Thielen,MIN
00-0036386,A.Thomas,NYG
00-0022621,A.Thurman,GB
00-0016485,A.Timmerman,LA
00-0016550,A.Toomer,NYG
00-0036422,A.Trautman,NO
00-0033043,A.Traylor,DEN
00-0032045,A.Turzilli,TEN
00-0016821,A.Van,PHI
00-0030648,A.Villanueva,PIT
00-0022060,A.Walker,"LA, SF"
00-0017077,A.Wallace,CAR
00-0035187,A.Walter,"NYJ, SF"
00-0035126,A.Wesley,ARI
00-0017611,A.Whitted,"JAX, LV"
00-0024270,A.Whitworth,CIN
00-0031055,A.Williams,"LAC, NYG"
00-0036188,A.Williams,BUF
00-0020505,A.Wilson,ARI
00-0030669,A.Wilson,"KC, MIA"
00-0025955,A.Young,MIN
00-0018501,A.Zereoue,"LV, NE, PIT"
00-0032482,B.Addison,CHI
00-0036261,B.Aiyuk,SF
00-0000172,B.Alford,NYG
00-0032434,B.Allen,CIN
00-0022003,B.Askew,"NYJ, TB"
00-0020274,B.Baber,"KC, TB"
00-0023679,B.Bajema,"BAL, LA, SF"
00-0027618,B.Banks,WAS
00-0000727,B.Banta,DET
00-0028170,B.Batch,PIT
00-0000969,B.Bech,NO
00-0032062,B.Bell,"DAL, JAX, KC, MIN, SF"
00-0001098,B.Bennett,CIN
00-0022807,B.Berrian,"CHI, MIN"
00-0034419,B.Berrios,NYJ
00-0029394,B.Bersin,CAR
00-0029239,B.Bolden,"MIA, NE"
00-0026607,B.Bolen,JAX
00-0031407,B.Bortles,JAX
00-0029601,B.Bostick,"GB, NYJ"
00-0032515,B.Bowman,NYJ
00-0032661,B.Braunecker,CHI
00-0019027,B.Brown,CLE
00-0029429,B.Brown,"BUF, PHI, SEA"
00-0030516,B.Butler,"DAL, LV, MIA"
00-0024289,B.Calhoun,DET
00-0025549,B.Celek,PHI
00-0002861,B.Chamberlain,"DEN, MIN, WAS"
00-0023701,B.Childress,NE
00-0002970,B.Christian,ATL
00-0023258,B.Cieslak,BUF
00-0023790,B.Clark,"DEN, DET, TB"
00-0003142,B.Coates,"BAL, NE"
00-0030801,B.Coleman,NO
00-0003266,B.Collins,"BUF, GB"
00-0031236,B.Cooks,"HOU, LA, NE, NO"
00-0003512,B.Costello,CIN
00-0026216,B.Cottam,KC
00-0003572,B.Cox,NE
00-0029795,B.Cunningham,"CHI, LA"
00-0030120,B.Daniels,SEA
00-0003944,B.Davis,BAL
00-0004073,B.Dawkins,PHI
00-0035102,B.Dillon,MIN
00-0024553,B.Ealy,TEN
00-0023438,B.Edwards,"CLE, NYJ, SEA, SF"
00-0032001,B.Edwards,NYG
00-0036365,B.Edwards,LV
00-0021993,"Be.Johnson, B.Johnson","MIN, NE"
00-0027761,B.Eldridge,IND
00-0035823,B.Ellefson,"JAX, MIN"
00-0031326,B.Ellington,"DET, HOU, SF"
00-0004888,B.Emanuel,"DET, MIA, NE, TB"
00-0004915,B.Engram,"CHI, KC, SEA"
00-0029420,B.Ewing,ATL
00-0005106,B.Favre,MIN
00-0005231,B.Finneran,"ATL, PHI"
00-0021317,B.Fletcher,IND
00-0021938,B.Forsey,CHI
00-0030670,B.Fowler,"DEN, NO, NYG"
00-0019644,B.Franks,"GB, NYJ"
00-0027948,B.Gabbert,SF
00-0020417,B.Gay,CLE
00-0026937,B.Gibson,"LA, MIA"
00-0019302,B.Gilmore,"ARI, MIA, SF"
00-0029336,B.Golden,ARI
00-0025860,B.Green-Ellis,"CIN, NE"
00-0006423,B.Griese,"DEN, TB"
00-0023572,B.Grigsby,KC
00-0006577,B.Habib,SEA
00-0006803,B.Hanspard,ATL
00-0028862,B.Harris,NO
00-0027077,B.Hartline,"CLE, MIA"
00-0022847,B.Hartsock,"ATL, CAR, IND, NYJ, TEN"
00-0032298,B.Hill,JAX
00-0033567,B.Hill,"ATL, CIN"
00-0019100,B.Hoover,CAR
00-0036424,B.Hopkins,LA
00-0034449,B.Howell,HOU
00-0026625,B.Hoyer,CLE
00-0031589,B.Hundley,GB
00-0025450,B.Jackson,"CLE, GB"
00-0023545,B.Jacobs,NYG
00-0027470,B.James,IND
00-0033658,B.Jarwin,DAL
00-0019548,B.Jennings,SF
00-0019172,B.Johnson,"CHI, WAS"
00-0022156,"B.Johnson, Bry.Johnson","ARI, DET, HOU, SF"
00-0022232,B.Jones,JAX
00-0023531,B.Jones,"SF, TEN"
00-0036556,B.Jordan,HOU
00-0009237,B.Kinchen,CAR
00-0032139,B.Koyack,JAX
00-0009443,B.Kozlowski,"ATL, WAS"
00-0027681,B.LaFell,"CAR, CIN, LV, NE"
00-0022177,B.Leftwich,JAX
00-0025439,B.Leonard,"CIN, LA, NO, TB"
00-0029755,B.Leonhardt,"LV, SF"
00-0022097,B.Lloyd,"CHI, DEN, LA, NE, SF, WAS"
00-0024681,B.London,MIA
00-0020342,B.Manumaleuna,"CHI, LA, LAC"
00-0031818,B.Marquez,LA
00-0024334,B.Marshall,"CHI, DEN, MIA, NYG, NYJ, SEA"
00-0032964,B.Marshall,"PHI, WAS"
00-0029528,B.Massie,CHI
00-0010550,B.Matthews,TEN
00-0034855,B.Mayfield,CLE
00-0022135,B.McMullen,"MIN, PHI, SEA"
00-0018956,B.Meester,JAX
00-0022403,B.Middleton,DET
00-0031626,B.Mihalik,DET
00-0011236,B.Miller,"DEN, HOU, NO"
00-0011241,B.Miller,PHI
00-0026712,B.Miller,LA
00-0028149,B.Miller,"JAX, SF"
00-0033069,B.Miller,HOU
00-0011341,B.Milne,"CIN, NO"
00-0022773,B.Miree,GB
00-0011392,B.Mitchell,GB
00-0011399,B.Mitchell,"NYG, PHI, WAS"
00-0011675,B.Morris,KC
00-0027135,B.Myers,"LV, NYG, TB"
00-0020090,B.Natkin,TEN
00-0024463,B.Obomanu,"NYJ, SEA"
00-0031277,B.Oliver,LAC
00-0012370,B.Olivo,DET
00-0023788,B.Ortega,NO
00-0029682,B.Osweiler,HOU
00-0032089,B.Parker,"DEN, KC"
00-0012603,B.Parmalee,NYJ
00-0026931,B.Pascoe,"ATL, NYG"
00-0025602,B.Patrick,ARI
00-0032054,B.Perriman,"BAL, CLE, NYJ, TB"
00-0026996,B.Pettigrew,DET
00-0022447,B.Pierce,DAL
00-0029264,B.Pierce,"BAL, JAX"
00-0028064,B.Powell,NYJ
00-0034646,B.Powell,"ATL, DET"
00-0036011,B.Price,DET
00-0034297,B.Pringle,KC
00-0021969,B.Pyatt,IND
00-0029640,B.Quick,"LA, WAS"
00-0025409,B.Quinn,"CLE, KC"
00-0029384,B.Rainey,"BAL, CLE, NYG, TB"
00-0017012,Bra.Walker,DET
00-0030743,B.Reedy,TB
00-0027012,B.Robiskie,"ATL, CLE, DET"
00-0022924,B.Roethlisberger,PIT
00-0028602,B.Saine,GB
00-0022449,B.Sams,BAL
00-0031413,B.Sankey,TEN
00-0023612,B.Scaife,TEN
00-0034432,B.Scarbrough,DET
00-0014489,B.Schroeder,"DET, GB, TB"
00-0030486,B.Schwenke,TEN
00-0026941,B.Scott,"BAL, CIN"
00-0034414,B.Scott,PHI
00-0014729,B.Shaw,"BUF, JAX, LAC, PIT"
00-0036862,B.Skowronek,LA
00-0029315,B.Smelley,CLE
00-0024318,B.Smith,"BUF, NYJ, PHI"
00-0035217,B.Snell,PIT
00-0029091,B.Sowell,CHI
00-0015452,B.Spence,NYJ
00-0019681,B.St,CIN
00-0015507,B.Stablein,DET
00-0019907,B.Steele,GB
00-0015723,B.Still,"ATL, LAC"
00-0015754,B.Stokley,"BAL, DEN, IND, NYG, SEA"
00-0024625,B.Storer,TB
00-0026357,B.Swain,"GB, SF"
00-0027057,B.Tate,"BUF, CIN, NE"
00-0027890,B.Tate,"CLE, HOU, PIT"
00-0032724,B.Treggs,"CLE, PHI"
00-0022916,B.Troupe,TEN
00-0028984,B.Tyms,"CLE, NE"
00-0019456,B.Urlacher,CHI
00-0022555,B.Utecht,"CIN, IND"
00-0019041,B.Volek,TEN
00-0022144,B.Wade,"CHI, KC, MIN, TEN"
00-0027595,B.Walters,"JAX, LAC, SEA"
00-0022943,B.Watson,"BAL, CLE, NE, NO"
00-0021216,B.Westbrook,"PHI, SF"
00-0027477,B.White,IND
00-0032593,B.Wilds,NYJ
00-0029793,B.Williams,"CAR, IND, SEA"
00-0020171,"B.Williams, E.Williams",NO
00-0033434,B.Wilson,TB
00-0036754,B.Wright,DET
00-0019021,B.Yamini,TEN
00-0034052,B.Zylstra,"CAR, MIN"
00-0021006,C.Adams,DEN
00-0000100,C.Ahanotu,MIA
00-0036414,C.Akers,LA
00-0024763,C.Ali,CLE
00-0022704,C.Anderson,LV
00-0026578,C.Anderson,PHI
00-0029854,C.Anderson,"CAR, DEN, LA"
00-0031599,C.Artis-Payne,CAR
00-0000585,C.Bailey,"DEN, WAS"
00-0021213,C.Baker,"NE, NYJ, SEA"
00-0023858,C.Barclay,TEN
00-0034652,C.Batson,TEN
00-0029000,C.Beasley,"BUF, DAL"
00-0034309,C.Beebe,MIN
00-0023439,C.Benson,"CHI, CIN, GB"
00-0034132,C.Blake,ATL
00-0033367,C.Board,"JAX, NYG"
00-0001627,C.Bradford,"DET, GB, HOU"
00-0031273,C.Brate,TB
00-0001719,C.Brazzell,DAL
00-0026745,C.Brinkley,LAC
00-0022092,C.Brown,"HOU, TEN"
00-0031118,C.Brown,CAR
00-0020270,C.Buckhalter,"DEN, PHI"
00-0002544,C.Calloway,"ATL, NE"
00-0026190,C.Campbell,ARI
00-0019632,C.Carlisle,DEN
00-0033594,C.Carson,SEA
00-0002721,C.Carter,"MIA, MIN"
00-0033338,C.Carter,"CIN, MIA"
00-0020446,C.Chambers,"KC, LAC, MIA"
00-0002876,C.Chandler,ATL
00-0028051,C.Chekwa,LV
00-0028112,C.Clay,"ARI, BUF, MIA"
00-0036326,C.Claypool,PIT
00-0003103,C.Cleeland,"LA, NE, NO"
00-0033725,C.Clement,"DAL, PHI"
00-0026669,C.Cloherty,"IND, JAX"
00-0028550,C.Cochart,CIN
00-0027069,C.Coffman,"ATL, CIN, SEA, TEN"
00-0019661,C.Cole,DEN
00-0019038,C.Coleman,TEN
00-0019704,C.Coleman,TB
00-0021028,C.Coleman,BUF
00-0032966,C.Coleman,"CLE, NYG"
00-0003271,C.Collins,MIA
00-0032128,C.Conley,"HOU, JAX, KC"
00-0003396,C.Conway,"CHI, LAC, NYJ, SF"
00-0022738,C.Cooley,WAS
00-0032795,C.Core,"CIN, NYG"
00-0035310,C.Cox,MIA
00-0022886,C.Cramer,"MIA, TEN"
00-0019093,C.Crawford,CAR
00-0003715,C.Crumpler,MIN
00-0026544,C.Daniel,CHI
00-0022434,C.Davis,PIT
00-0025417,C.Davis,LAC
00-0025794,C.Davis,NYJ
00-0033871,C.Davis,"NYJ, TEN"
00-0029764,"C.Davis, Co.Davis","JAX, LA"
00-0024698,C.Dawson,IND
00-0004304,C.Dillon,"CIN, NE"
00-0004386,C.Doering,"DEN, PIT, WAS"
00-0034681,C.Edmonds,ARI
00-0036360,C.Edwards-Helaire,KC
00-0019207,C.Eitzmann,NE
00-0004916,C.Enis,CHI
00-0032145,C.Erving,KC
00-0004972,C.Evans,BAL
00-0036857,C.Evans,CIN
00-0005060,C.Fann,SF
00-0023547,C.Fason,MIN
00-0005101,C.Fauria,"CAR, NE, SEA, WAS"
00-0031302,C.Fiedorowicz,HOU
00-0021525,C.Fitzsimmons,DET
00-0029697,C.Fleener,"IND, NO"
00-0005348,C.Floyd,NE
00-0029432,C.Ford,MIN
00-0023889,C.Francies,GB
00-0028295,C.Franklin,TB
00-0005620,C.Fuamatu-Ma,"JAX, PIT"
00-0030095,C.Fuller,DET
00-0005779,C.Garner,"LV, SF, TB"
00-0005854,C.Geason,PIT
00-0005860,C.Gedney,ARI
00-0035304,C.Gillaspia,HOU
00-0030992,C.Gillmore,BAL
00-0029614,C.Givens,"BAL, LA"
00-0033921,C.Godwin,TB
00-0031357,C.Goodwin,DAL
00-0030049,C.Gragg,BUF
00-0031731,C.Grant,JAX
00-0029298,C.Gray,KC
00-0033215,C.Grayson,TB
00-0006482,C.Groce,CIN
00-0027419,C.Gronkowski,"DAL, DEN"
00-0027188,C.Hall,"KC, PHI, SF"
00-0032918,C.Ham,MIN
00-0030290,C.Hamilton,"CIN, HOU, PIT"
00-0031732,C.Hamlett,CLE
00-0021460,C.Hankton,JAX
00-0033840,C.Hansen,"HOU, NYJ"
00-0027725,C.Harbor,"DET, JAX, PHI"
00-0028958,C.Harkey,LA
00-0031854,C.Harper,"NE, SF"
00-0007120,C.Hawkins,PIT
00-0025515,Ch.Davis,TEN
00-0029534,C.Helfet,SEA
00-0026197,C.Henne,JAX
00-0023518,C.Henry,CIN
00-0025437,C.Henry,TEN
00-0034766,C.Herndon,"MIN, NYJ"
00-0007357,C.Hetherington,"CAR, LA, LV, SF"
00-0033315,C.Hikutini,SF
00-0024413,Ch.Johnson,IND
00-0030113,"Ch.Johnson, C.Johnson",MIN
00-0028237,C.Hogan,"BUF, CAR, NE, NO, NYJ"
00-0023222,C.Holiday,GB
00-0033386,C.Hollister,TEN
00-0021219,C.Hope,PIT
00-0021424,C.Horn,KC
00-0023615,C.Houston,NYJ
00-0007795,C.Howard,JAX
00-0036555,C.Hubbard,CAR
00-0031045,C.Hyde,"CLE, HOU, JAX, SEA, SF"
00-0027531,C.Ivory,"BUF, JAX, NO, NYJ"
00-0008109,C.Jackson,TEN
00-0019255,C.Jackson,NE
00-0024251,C.Jackson,"DEN, NE"
00-0020484,C.James,MIN
00-0027167,C.Jennings,CLE
00-0008454,C.Johnson,"BUF, NE, PHI"
00-0025389,C.Johnson,DET
00-0026164,C.Johnson,"ARI, NYJ, TEN"
00-0036254,C.Johnson,"JAX, NYG"
00-0020397,"C.Johnson, C.Ochocinco","CIN, NE"
00-0008704,C.Jones,LAC
00-0035553,C.Jones,JAX
00-0008907,C.Jordan,"GB, SEA"
00-0019466,C.Keaton,CIN
00-0034775,C.Kirk,ARI
00-0036290,C.Kmet,CHI
00-0033908,C.Kupp,LA
00-0034593,C.Lacy,DET
00-0036358,C.Lamb,DAL
00-0031344,C.Latimer,"DEN, NYG"
00-0019505,C.Lee,"ARI, GB, TB"
00-0009842,C.Lewis,PHI
00-0022240,C.Lucas,TB
00-0021090,C.Luzar,JAX
00-0031484,C.Manhertz,"CAR, JAX"
00-0010436,C.Martin,PHI
00-0010442,C.Martin,NYJ
00-0026753,C.Martin,"CAR, SEA"
00-0021345,C.Massey,LA
00-0028702,C.Matthews,"BAL, SEA"
00-0033280,C.McCaffrey,CAR
00-0027688,C.McCoy,CLE
00-0033300,C.McDermott,NYJ
00-0034735,C.McElroy,TB
00-0024542,C.McFoy,LV
00-0020804,C.McIntyre,"BUF, NO"
00-0031912,C.Meredith,"CHI, NO"
00-0030432,C.Michael,"DAL, GB, SEA"
00-0027776,C.Mitchell,CLE
00-0028876,C.Mooney,TEN
00-0022826,C.Moore,BAL
00-0032398,C.Moore,"BAL, HOU"
00-0026963,C.Morrah,SEA
00-0019590,C.Morton,"NO, NYJ, WAS"
00-0021403,C.Mustard,"CLE, DEN"
00-0035345,C.Myarick,NYG
00-0027939,C.Newton,"CAR, NE"
00-0027140,C.Ogbonnaya,"CAR, CLE, LA"
00-0028905,C.Owusu,"NYJ, TB"
00-0036244,C.Parkinson,SEA
00-0030578,C.Patterson,"ATL, CHI, LV, MIN, NE"
00-0032959,C.Peake,NYJ
00-0026932,C.Peerman,CIN
00-0012764,C.Penn,LAC
00-0022926,C.Perry,CIN
00-0034512,C.Phillips,BUF
00-0012953,C.Pickens,"CIN, TEN"
00-0029438,C.Polk,"HOU, PHI"
00-0027950,C.Ponder,MIN
00-0021179,C.Portis,"DEN, WAS"
00-0026723,C.Pressley,"CIN, TB"
00-0032393,C.Prosise,"HOU, SEA"
00-0029140,C.Rainey,"IND, PIT"
00-0028795,C.Reynolds,LA
00-0035567,C.Reynolds,"DET, JAX"
00-0034837,C.Ridley,ATL
00-0023503,C.Roby,"ATL, NO, TEN"
00-0013958,C.Rogers,"MIA, SEA"
00-0022072,C.Rogers,DET
00-0032355,C.Rogers,"IND, TEN"
00-0021212,C.Russell,"CIN, MIA, WAS"
00-0033282,C.Samuel,"CAR, WAS"
00-0014319,C.Sanders,TEN
00-0021845,C.Sapp,DEN
00-0036910,C.Saunders,CAR
00-0026366,C.Schilens,"LV, NYJ"
00-0014450,C.Schlesinger,DET
00-0028052,C.Shorts,"HOU, JAX, TB"
00-0022005,C.Simms,TB
00-0019694,C.Simon,PHI
00-0025997,C.Simpson,IND
00-0034104,C.Sims,WAS
00-0031390,"C.Sims, C.Sims III",TB
00-0026113,C.Smith,TB
00-0027861,C.Spiller,"BUF, KC, NO, NYJ, SEA"
00-0020849,C.Stackhouse,"MIN, NYG"
00-0026260,C.Steltz,CHI
00-0026225,C.Stevens,TEN
00-0025622,C.Stuckey,"ARI, CLE, NYJ"
00-0034348,C.Sutton,DEN
00-0021314,C.Taylor,"ARI, BAL, CHI, MIN"
00-0023844,C.Taylor,HOU
00-0025584,C.Taylor,SEA
00-0016232,C.Thomas,"KC, LA"
00-0030404,C.Thompson,"JAX, WAS"
00-0033720,C.Thompson,CAR
00-0033855,C.Thompson,HOU
00-0023551,C.Thorpe,IND
00-0032134,C.Uzomah,CIN
00-0016916,C.Villarrial,CHI
00-0032256,C.Walford,"LV, MIA"
00-0023878,C.Wallace,TEN
00-0017110,C.Walsh,MIN
00-0017209,C.Warren,"DAL, PHI"
00-0026353,C.Washington,"DAL, JAX"
00-0030897,C.Washington,NYG
00-0017337,C.Way,NYG
00-0027007,C.Wells,ARI
00-0032950,C.Wentz,PHI
00-0027441,C.West,JAX
00-0030668,C.West,KC
00-0035891,C.White,PIT
00-0032562,C.Wick,"DET, SF"
00-0035231,C.Wilkins,MIA
00-0018568,C.Williams,ARI
00-0023440,C.Williams,"LA, TB"
00-0026154,C.Williams,CHI
00-0026369,C.Williams,BAL
00-0033933,C.Williams,"ARI, IND"
00-0020452,C.Wilson,"PIT, SF"
00-0034418,C.Wilson,DAL
00-0036429,C.Woerner,SF
00-0030248,C.Wood,BUF
00-0018227,C.Woodson,LV
00-0031932,C.Worthy,HOU
00-0018382,C.Yeast,CIN
00-0031381,D.Adams,GB
00-0032187,"Da.Johnson, D.Johnson","ARI, HOU"
00-0000145,D.Alexander,"KC, MIN"
00-0027912,D.Alexander,"LA, LAC"
00-0020058,D.Allen,JAX
00-0029689,D.Allen,"IND, NE"
00-0026035,D.Amendola,"DET, HOU, LA, MIA, NE"
00-0030874,"Dam. Williams, Dam.Williams, Da.Williams, D.Williams","CHI, KC, MIA"
00-0021048,D.Anderson,ARI
00-0024465,D.Anderson,"HOU, WAS"
00-0025582,D.Anderson,DAL
00-0031392,D.Archer,PIT
00-0021406,D.Armstrong,HOU
00-0034011,D.Arnold,"ARI, CAR, JAX, NO"
00-0024447,D.Aromashodu,"CHI, IND, MIN"
00-0034301,"Darr.Williams, Dar.Williams, Da.Williams, D.Williams",KC
00-0021330,"Daryl Jones, D.Jones","CHI, NYG"
00-0036194,D.Asiasi,NE
00-0028179,D.Ausberry,LV
00-0000534,D.Autry,PHI
00-0026173,D.Avery,"IND, KC, LA, TEN"
00-0027893,"Da.Williams, D.Williams","MIA, TEN"
00-0032365,D.Ayers,PIT
00-0025614,D.Baker,PIT
00-0028434,D.Baldwin,SEA
00-0021371,D.Barnes,"BUF, DAL, MIA, TB"
00-0000869,D.Bates,"CHI, MIN"
00-0001102,D.Bennett,"KC, WAS"
00-0019976,D.Bennett,"LA, TEN"
00-0026000,D.Bess,"CLE, MIA"
00-0020985,D.Blakley,ATL
00-0020315,D.Blaylock,"KC, NYJ"
00-0035040,D.Blough,DET
00-0032972,D.Booker,"DEN, LV, NYG"
00-0001532,D.Boston,"ARI, LAC, MIA"
00-0025410,D.Bowe,"CLE, KC"
00-0035898,D.Bradwell,LAC
00-0021192,D.Branch,"NE, SEA"
00-0032801,D.Braverman,CHI
00-0020531,D.Brees,"LAC, NO"
00-0027789,D.Briscoe,"TB, WAS"
00-0001919,D.Brown,ARI
00-0020376,D.Brown,"CAR, KC"
00-0027003,D.Brown,"IND, LAC"
00-0032098,D.Brown,"BAL, CHI, NYJ"
00-0036626,D.Brown,WAS
00-0027902,D.Bryant,"BAL, DAL"
00-0034653,D.Burnett,"NYJ, PHI"
00-0027063,D.Butler,SEA
00-0024308,D.Byrd,LA
00-0031868,D.Byrd,"ARI, CAR, CHI, NE"
00-0034406,D.Cain,"IND, PIT"
00-0027261,D.Calhoun,NYG
00-0002565,D.Campbell,"DAL, DET, NYG"
00-0020608,D.Carr,HOU
00-0031280,D.Carr,LV
00-0029119,D.Carrier,"LA, LV, SF, WAS"
00-0002709,D.Carswell,DEN
00-0022879,D.Carter,CAR
00-0028057,D.Carter,IND
00-0031763,D.Carter,"CHI, HOU, PHI, WAS"
00-0019712,D.Chapman,MIN
00-0034777,"D.Chark, D.Chark Jr.",JAX
00-0002942,D.Chiaverini,"ATL, CLE, DAL"
00-0003035,D.Clark,"CHI, DEN, MIA"
00-0022165,D.Clark,"BAL, IND, TB"
00-0025544,D.Clowney,"CAR, NYJ"
00-0024607,D.Coats,"CIN, DEN"
00-0032133,D.Cobb,TEN
00-0029068,D.Coleman,"ARI, ATL, SEA"
00-0033893,D.Cook,MIN
00-0003600,D.Craig,CAR
00-0034389,D.Cruikshank,TEN
00-0003739,D.Culpepper,MIN
00-0036456,D.Dafney,GB
00-0036425,D.Dallas,SEA
00-0033258,D.Daniels,"ARI, IND, SEA"
00-0022739,D.Darling,"BAL, KC"
00-0021979,D.Davis,HOU
00-0035101,D.Davis,HOU
00-0028307,"D.Davis, DJ.Davis",ATL
00-0033904,D.Dawkins,BUF
00-0034654,D.Dawkins,TEN
00-0027819,D.Dickerson,"BUF, DET, HOU"
00-0020550,D.Dinkins,"BAL, CLE, NO, NYG"
00-0020159,D.Dorris,NYG
00-0023806,D.Dorsey,CIN
00-0004463,D.Douglas,PHI
00-0004541,D.Driver,GB
00-0004633,D.Dunn,CLE
00-0004634,D.Dunn,"CLE, LV"
00-0036331,D.Duvernay,BAL
00-0032008,D.Dye,TB
00-0019473,D.Dyer,MIA
00-0022464,D.Easlick,MIA
00-0024044,D.Ellis,DET
00-0024389,"Del.Walker, De.Walker, D.Walker","SF, TEN"
00-0027827,D.Epps,NYJ
00-0036620,D.Eskridge,SEA
00-0027874,"De.Thomas, D.Thomas","DEN, HOU, NYJ"
00-0036297,D.Evans,TEN
00-0024242,"De.Williams, D.Williams","CAR, PIT"
00-0019543,D.Farmer,CIN
00-0023752,D.Fells,"DEN, LA, NE, NYG"
00-0029738,D.Fells,"ARI, CLE, DET, HOU"
00-0036654,D.Felton,CLE
00-0026272,D.Fine,BUF
00-0036627,D.Fitzpatrick,TEN
00-0027237,D.Fletcher,NE
00-0030711,D.Fluellen,TEN
00-0033925,D.Foreman,"HOU, TEN"
00-0021164,D.Foster,"CAR, SF"
00-0032577,D.Foster,"ARI, NE"
00-0034395,D.Fountain,IND
00-0031285,D.Freeman,"ATL, BAL, NYG"
00-0032055,D.Funchess,"CAR, IND"
00-0022102,D.Gabriel,"LV, NE"
00-0021231,D.Garrard,JAX
00-0027795,D.Gettis,CAR
00-0005932,D.Gibson,JAX
00-0020030,D.Gilliam,LAC
00-0028646,D.Gilreath,PIT
00-0021353,D.Givens,"NE, TEN"
00-0034351,D.Goedert,PHI
00-0035715,D.Gore,KC
00-0021154,D.Graham,"DEN, NE, TEN"
00-0032218,D.Green-Beckham,"PHI, TEN"
00-0006431,D.Griffin,CIN
00-0032634,D.Grinnage,JAX
00-0027157,D.Gronkowski,"DEN, DET"
00-0034358,D.Guice,WAS
00-0022701,D.Hackett,"CAR, SEA"
00-0019625,D.Haddad,IND
00-0024297,D.Hagan,"BUF, LV, MIA, NYG, TEN"
00-0019539,D.Hall,"KC, LA"
00-0022923,D.Hall,ATL
00-0022853,D.Hamilton,SF
00-0034370,D.Hamilton,DEN
00-0006930,D.Harris,LAC
00-0028114,D.Harris,"DAL, LV, NYG"
00-0028409,D.Harris,"GB, JAX, SF"
00-0030155,D.Harris,"ARI, CHI, CLE, KC"
00-0035215,D.Harris,NO
00-0035657,D.Harris,NE
00-0035848,D.Harris,IND
00-0007144,D.Hayes,"CAR, NE"
00-0035428,D.Helm,LV
00-0022929,D.Henderson,NO
00-0033581,D.Henderson,DEN
00-0035664,D.Henderson,LA
00-0032764,D.Henry,TEN
00-0029588,D.Herron,"BUF, CIN, IND"
00-0024272,D.Hester,"ATL, CHI"
00-0026983,D.Heyward-Bey,"IND, LV, PIT"
00-0021329,D.Hill,TEN
00-0034253,D.Hilliard,"CLE, TEN"
00-0024345,D.Hixon,"CAR, NYG"
00-0019338,D.Hodge,DAL
00-0030564,D.Hopkins,"ARI, HOU"
00-0007798,D.Howard,"DET, GB"
00-0007835,D.Huard,"KC, MIA"
00-0028411,D.Inman,"CHI, IND, LAC, WAS"
00-0019663,D.Jackson,"DEN, SEA, SF"
00-0026189,D.Jackson,"LA, LV, PHI, TB, WAS"
00-0032636,D.Jackson,GB
00-0033049,D.Jackson,DAL
00-0025432,D.Jarrett,CAR
00-0008329,D.Jells,PHI
00-0031972,D.Jennings,"CLE, TEN"
00-0034827,"Dj.Moore, D.Moore",CAR
00-0023797,D.Johnson,"LA, NYG"
00-0026957,D.Johnson,"LAC, PIT"
00-0029435,D.Johnson,"HOU, PHI"
00-0029778,D.Johnson,ATL
00-0030236,D.Johnson,HOU
00-0035216,D.Johnson,PIT
00-0035628,D.Johnson,CLE
00-0032257,"D.Johnson, D.Johnson Jr.","CLE, HOU, MIA"
00-0008660,D.Johnston,DAL
00-0021183,D.Jolley,"LV, NYJ, TB"
00-0008723,D.Jones,JAX
00-0027518,D.Jones,BUF
00-0028994,D.Jones,"IND, MIA"
00-0035710,D.Jones,NYG
00-0020564,D.Joyce,NYG
00-0027779,D.Karim,"HOU, JAX"
00-0036225,D.Keene,NE
00-0026170,D.Keller,NYJ
00-0029419,D.Kelly,TEN
00-0034710,D.Kidsy,WAS
00-0021973,D.Kircus,"DEN, DET"
00-0021955,D.Klecko,"IND, NE, PHI"
00-0035640,"DK.Metcalf, D.Metcalf",SEA
00-0035689,D.Knox,BUF
00-0019135,D.Kreider,"ARI, PIT"
00-0030197,D.Lacey,MIA
00-0009550,D.LaFleur,DAL
00-0032804,D.Lasco,NO
00-0021929,D.Lee,"CIN, GB, MIA"
00-0009829,D.Levens,"GB, NYG, PHI"
00-0020735,D.Lewis,"HOU, NO"
00-0028087,D.Lewis,"NE, NYG, PHI, TEN"
00-0032070,D.Lewis,BUF
00-0035704,D.Lock,DEN
00-0035665,D.Long,LA
00-0019242,D.Looker,LA
00-0010107,D.Loville,DEN
00-0019464,D.Lyman,CHI
00-0020332,D.Martin,"BUF, GB, MIA"
00-0029613,D.Martin,"LV, TB"
00-0010500,D.Mason,"BAL, HOU, NYJ, TEN"
00-0010599,D.Mayes,SEA
00-0033304,D.Mays,GB
00-0020527,D.McAllister,NO
00-0020464,D.McCants,"PHI, WAS"
00-0027651,D.McCluster,"KC, LAC, TEN"
00-0010796,D.McDonald,TB
00-0030650,D.McDonald,IND
00-0026144,D.McFadden,"DAL, LV"
00-0010951,D.McKinley,ARI
00-0011022,D.McNabb,PHI
00-0036671,D.Milne,WAS
00-0036255,D.Mims,NYJ
00-0031339,D.Moncrief,"IND, JAX, NE, PIT"
00-0035045,D.Montgomery,NYJ
00-0035685,D.Montgomery,CHI
00-0036309,D.Mooney,CHI
00-0011551,D.Moore,"BUF, TB"
00-0028086,D.Moore,LV
00-0033589,D.Moore,"DEN, SEA"
00-0022951,D.Morgan,HOU
00-0032430,D.Morgan,MIN
00-0029108,D.Moye,PIT
00-0028009,D.Murray,"DAL, PHI, TEN"
00-0027201,D.Nance,GB
00-0023576,D.Nash,"DEN, TEN"
00-0027322,D.Nelson,"BUF, NYJ"
00-0034565,D.Newsome,LAC
00-0036907,D.Newsome,CHI
00-0022100,D.Nickey,TEN
00-0033885,D.Njoku,CLE
00-0029183,D.Noble,JAX
00-0019650,D.Northcutt,"CLE, DET, JAX"
00-0028000,"Dn.Thomas, D.Thomas",MIA
00-0033854,D.Ogunbowale,"JAX, TB"
00-0019645,D.O'Neal,DEN
00-0035184,D.Ozigbo,"JAX, NO"
00-0012515,D.Palmer,MIN
00-0035329,"D.Parham, D.Parham Jr.",LAC
00-0012556,D.Parker,GB
00-0031547,D.Parker,MIA
00-0036228,D.Patmon,IND
00-0012642,D.Patten,"CLE, NE, NO, NYG, WAS"
00-0029218,D.Paulson,PIT
00-0023894,D.Penn,"LV, TB"
00-0036233,D.Peoples-Jones,CLE
00-0034860,D.Pettis,"NYG, SF"
00-0012946,D.Philyaw,NO
00-0036215,D.Pinter,IND
00-0027714,D.Pitta,BAL
00-0019508,D.Polk,BUF
00-0013122,D.Porter,BUF
00-0029673,D.Posey,HOU
00-0032656,D.Powe,NYG
00-0033077,D.Prescott,DAL
00-0029463,D.Presley,CAR
00-0030097,D.Quessenberry,TEN
00-0019146,D.Rackley,ATL
00-0022091,D.Ragone,HOU
00-0034273,D.Ratley,"CLE, NYG"
00-0031123,D.Reaves,CAR
00-0027755,D.Reed,"BAL, IND"
00-0025951,D.Reynaud,"MIN, TEN"
00-0019863,D.Rhodes,"IND, LV"
00-0029612,D.Richardson,LA
00-0023625,D.Ridgeway,NYJ
00-0013850,D.Robinson,TB
00-0030547,D.Robinson,JAX
00-0032775,D.Robinson,KC
00-0030043,D.Rogers,IND
00-0023920,D.Roland,CIN
00-0025542,D.Rosario,"CAR, CHI, DEN, LAC"
00-0035631,D.Sample,CIN
00-0028187,D.Sampson,ARI
00-0035719,D.Samuel,SF
00-0014324,D.Sanders,"BAL, DAL, WAS"
00-0021241,D.Sanders,CLE
00-0028352,D.Sanzenbacher,"CHI, CIN"
00-0026453,D.Savage,KC
00-0025609,D.Schouman,BUF
00-0034383,D.Schultz,DAL
00-0014544,D.Scott,"CIN, DAL"
00-0028159,D.Scott,NYG
00-0034256,D.Scott,NYG
00-0014775,D.Shelton,"BUF, CHI, JAX"
00-0035181,D.Shepherd,GB
00-0035359,D.Sills,NYG
00-0030422,D.Sims,"CHI, MIA"
00-0035250,D.Singletary,BUF
00-0035535,D.Slayton,NYG
00-0015048,D.Sloan,"DET, NO"
00-0032064,D.Smelter,SF
00-0015152,D.Smith,"DEN, IND"
00-0031934,D.Smith,"DAL, JAX, NYJ"
00-0033413,D.Smith,MIA
00-0036912,D.Smith,PHI
00-0034798,D.Smythe,MIA
00-0031319,D.Spencer,DEN
00-0023564,D.Sproles,"LAC, NO, PHI"
00-0019598,D.Stachelski,NO
00-0015523,D.Staley,"PHI, PIT"
00-0021147,D.Stallworth,"BAL, CLE, NE, NO, PHI, WAS"
00-0025636,D.Stanley,LA
00-0015759,D.Stone,NYJ
00-0031310,D.Street,"DAL, IND"
00-0036275,D.Swift,DET
00-0016178,D.Terrell,NO
00-0020513,D.Terrell,CHI
00-0024301,D.Thomas,"NE, NO"
00-0026174,D.Thomas,"CAR, NYG, WAS"
00-0031060,D.Thomas,KC
00-0016373,D.Thompson,"MIA, WAS"
00-0023039,D.Thompson,LA
00-0029388,D.Thompson,"BAL, BUF, CHI, DAL"
00-0035148,D.Thompson,KC
00-0030828,D.Tialavea,ATL
00-0034201,D.Turner,BAL
00-0021927,D.Tyree,NYG
00-0032794,D.Vitale,"CLE, GB"
00-0017027,D.Walker,LV
00-0024850,D.Walker,HOU
00-0031610,D.Waller,"BAL, LV"
00-0017160,D.Ward,"BAL, DAL, MIA, NE, NYJ"
00-0022770,D.Ward,"HOU, NYG, TB"
00-0024559,D.Ware,"NYG, TB"
00-0017239,D.Washington,NYG
00-0032450,D.Washington,"DET, NO"
00-0032940,D.Washington,"KC, LV, MIA"
00-0033537,D.Watson,HOU
00-0032897,D.Watt,"LAC, PIT"
00-0022751,D.Watts,DEN
00-0017421,D.Wells,PHI
00-0033839,D.Westbrook,"JAX, MIN"
00-0019660,D.White,"ATL, CHI"
00-0031511,D.White,"CAR, HOU, SF"
00-0020127,D.Wilcox,BAL
00-0024326,D.Williams,"BAL, CLE"
00-0027056,D.Williams,DET
00-0028079,D.Williams,"GB, JAX, NE"
00-0032945,D.Williams,BUF
00-0034258,D.Willies,CLE
00-0035401,D.Willis,CIN
00-0029251,D.Wilson,NYG
00-0022970,D.Wimbush,JAX
00-0026019,D.Woodhead,"BAL, LAC, NE, NYJ"
00-0025498,D.Wright,BUF
00-0029274,D.Wylie,KC
00-0025615,D.Wynn,GB
00-0034319,D.Yelder,"KC, TB"
00-0026852,D.Young,WAS
00-0024687,D.Zeigler,SF
00-0022771,E.Amano,TEN
00-0027920,E.Arceneaux,MIN
00-0000627,E.Baker,ATL
00-0029317,E.Baker,CLE
00-0036383,E.Benjamin,ARI
00-0001103,E.Bennett,CHI
00-0026210,E.Bennett,CHI
00-0020485,E.Berlin,"CHI, TEN"
00-0001222,E.Beverly,ATL
00-0031968,E.Bibbs,CLE
00-0001233,E.Bieniemy,PHI
00-0001281,E.Bjornson,"DAL, NE"
00-0027015,E.Britton,CHI
00-0024738,E.Buckley,PHI
00-0033514,E.Byrd,GB
00-0003400,E.Conwell,"LA, NO"
00-0027690,E.Decker,"DEN, NYJ, TEN"
00-0027675,E.Dickson,"BAL, CAR, SEA"
00-0026221,E.Doucet,ARI
00-0020692,E.Drummond,DET
00-0032705,E.Eagan,NYG
00-0031387,E.Ebron,"DET, IND, PIT"
00-0022385,E.Edwards,ARI
00-0033045,E.Elliott,DAL
00-0033881,E.Engram,NYG
00-0030584,E.Fisher,KC
00-0032259,E.Flowers,NYG
00-0028049,E.Gates,"MIA, NYJ"
00-0005883,E.George,"DAL, TEN"
00-0021755,E.Graham,TB
00-0006322,E.Green,IND
00-0006324,E.Green,NYJ
00-0008241,E.James,"ARI, IND, SEA"
00-0020455,E.Johnson,"NO, SF"
00-0024714,E.Jones,BAL
00-0019889,E.Joseph,JAX
00-0009163,E.Kennison,"CHI, DEN, KC, NO"
00-0019659,E.Kinney,TEN
00-0030485,E.Lacy,"GB, SEA"
00-0027844,E.Lorig,"NO, TB"
00-0010650,E.McCaffrey,"DEN, LV"
00-0020793,E.McCoo,PHI
00-0033295,E.McGuire,NYJ
00-0011151,E.Metcalf,"CAR, WAS"
00-0011328,E.Mills,DAL
00-0036567,E.Mitchell,SF
00-0026123,E.Moore,"CLE, PHI, SEA"
00-0036980,E.Moore,NYJ
00-0011770,E.Moulds,"BUF, HOU, TEN"
00-0029098,E.Page,TB
00-0020904,E.Parker,LAC
00-0032813,E.Penny,"ARI, NYG"
00-0012809,E.Perry,MIA
00-0013622,E.Rhett,"BAL, CLE"
00-0032442,E.Roberts,NE
00-0029276,E.Rodriguez,"BUF, CHI"
00-0031782,E.Rogers,PIT
00-0026182,E.Royal,"CHI, DEN, LAC"
00-0028115,E.Royster,WAS
00-0027685,E.Sanders,"BUF, DEN, NO, PIT, SF"
00-0033576,E.Saubert,"ATL, CHI, DEN, JAX"
00-0023489,E.Shelton,CAR
00-0020794,E.Shepherd,"HOU, TB"
00-0015161,E.Smith,PHI
00-0015165,E.Smith,"ARI, DAL"
00-0024312,E.Smith,NYJ
00-0034279,E.St,GB
00-0030854,E.Swoope,IND
00-0031690,E.Tomlinson,"BAL, NE, NYJ"
00-0034490,E.Turner,ARI
00-0024535,E.Weems,"ATL, CHI, TEN"
00-0022901,E.Wilford,"JAX, MIA"
00-0026947,E.Williams,SEA
00-0036080,E.Winston,NO
00-0034672,E.Wolf,NO
00-0000911,F.Baxter,"CHI, NE, NYJ"
00-0000942,F.Beasley,SF
00-0001582,F.Bownes,SEA
00-0033994,F.Brown,DEN
00-0003220,F.Coleman,NE
00-0036951,F.Darby,ATL
00-0026188,F.Davis,WAS
00-0023500,F.Gore,"BUF, IND, MIA, NYJ, SF"
00-0030154,F.Hammond,KC
00-0020780,F.Jackson,CLE
00-0024204,F.Jackson,"BUF, SEA"
00-0008749,F.Jones,"ARI, LAC"
00-0026162,F.Jones,"DAL, PIT"
00-0009599,F.Lane,CAR
00-0030737,F.Martino,"ATL, TB"
00-0010747,F.McCrary,"ATL, LAC, NE"
00-0011266,F.Miller,LA
00-0020497,F.Mitchell,PHI
00-0034981,F.Moreau,LV
00-0019487,F.Murphy,TB
00-0027769,F.Onobun,"JAX, LA"
00-0014328,F.Sanders,"ARI, BAL"
00-0026926,F.Summers,BUF
00-0036247,F.Swain,SEA
00-0016098,F.Taylor,"JAX, NE"
00-0031332,F.Toussaint,"BAL, PIT"
00-0020024,F.Wakefield,ARI
00-0029731,F.Whittaker,"CAR, CLE"
00-0018343,F.Wycheck,TEN
00-0032626,G.Allison,"DET, GB"
00-0026056,G.Banks,LAC
00-0026281,G.Barnidge,"CAR, CLE"
00-0030456,G.Bernard,"CIN, TB"
00-0035588,G.Bradbury,MIN
00-0036569,G.Brightwell,NYG
00-0001938,G.Brown,NYG
00-0001940,G.Brown,GB
00-0023408,G.Camarillo,"MIA, MIN, NO"
00-0028903,G.Celek,SF
00-0026157,G.Cherilus,DET
00-0032190,G.Christian,BUF
00-0003039,G.Clark,SF
00-0027048,G.Coffee,SF
00-0003344,G.Comella,"HOU, NYG, TB, TEN"
00-0003700,G.Crowell,DET
00-0031953,G.Davis,"LAC, NYG"
00-0036196,G.Davis,BUF
00-0004172,G.DeLong,"BAL, JAX"
00-0033474,G.Dieter,KC
00-0035500,G.Dortch,ARI
00-0034184,G.Edwards,BAL
00-0030544,G.Escobar,DAL
00-0023784,G.Estandia,"CLE, JAX"
00-0033895,G.Everett,"LA, SEA"
00-0032466,G.Fant,SEA
00-0031746,G.Farmer,SEA
00-0030899,G.Gilliam,SEA
00-0027718,G.Graham,HOU
00-0033095,G.Griffin,NO
00-0023704,G.Guenther,TEN
00-0025337,G.Harris,KC
00-0007180,G.Hearst,"DEN, SF"
00-0007436,G.Hill,DET
00-0031884,G.Holmes,ARI
00-0024174,G.Holt,CIN
00-0030865,G.Hoskins,MIA
00-0034614,G.Igwebuike,DET
00-0031367,G.Jackson,LV
00-0030370,G.Jenkins,LV
00-0024267,G.Jennings,"GB, MIA, MIN"
00-0027098,G.Johnson,"ATL, NYG"
00-0022897,G.Jones,"HOU, JAX"
00-0033288,G.Kittle,SF
00-0020479,G.Layne,ATL
00-0021508,G.Lewis,"MIN, PHI"
00-0027997,G.Little,"CIN, CLE"
00-0022613,G.Martinez,"DEN, DET"
00-0021565,G.Mattos,LAC
00-0011213,G.Milburn,CHI
00-0024321,G.Mills,"MIN, PHI"
00-0035289,G.Minshew II,JAX
00-0035908,G.Nabers,LAC
00-0025418,G.Olsen,"CAR, CHI, SEA"
00-0035645,G.Olszewski,NE
00-0021813,G.Reid,CHI
00-0035956,G.Ricci,CAR
00-0024529,G.Robinson,IND
00-0028892,G.Robinson,MIA
00-0014148,G.Ruegamer,NE
00-0024846,G.Russell,"LV, PIT"
00-0028050,G.Salas,"BUF, LA, NYJ"
00-0019468,G.Scott,PHI
00-0030565,G.Smith,NYJ
00-0032141,G.Swaim,"DAL, JAX, TEN"
00-0027891,G.Tate,"DET, NYG, PHI, SEA"
00-0033733,G.Ward,PHI
00-0029033,G.Whalen,"BAL, IND, LAC"
00-0024344,G.Whimper,JAX
00-0030247,G.Winn,DET
00-0025480,G.Wolfe,CHI
00-0021980,G.Wrighster,JAX
00-0024013,H.Baskett,"IND, MIN, PHI"
00-0036008,H.Bryant,DET
00-0036232,H.Bryant,CLE
00-0035529,H.Butler,PHI
00-0003681,H.Cross,NYG
00-0026224,H.Douglas,"ATL, TEN"
00-0020507,H.Evans,"MIA, NE, NO, SEA"
00-0019028,H.Goodman,GB
00-0006133,H.Goodwin,"MIA, MIN"
00-0006456,H.Griffith,DEN
00-0021093,H.Haygood,DEN
00-0033090,H.Henry,"LAC, NE"
00-0035025,H.Hentges,WAS
00-0034830,H.Hurst,"ATL, BAL"
00-0028492,H.Hynoski,NYG
00-0032523,H.Krieger,DEN
00-0037004,H.Long,MIA
00-0023465,H.Miller,PIT
00-0011568,H.Moore,"DET, NYG"
00-0011718,H.Morrow,MIN
00-0027005,H.Nicks,"IND, NYG"
00-0034983,H.Renfrow,LV
00-0036357,H.Ruggs,LV
00-0032839,H.Sharp,"DEN, NYG"
00-0014733,H.Shaw,NE
00-0028842,H.Smith,NYJ
00-0032508,H.Valles,"ARI, DET"
00-0017162,H.Ward,PIT
00-0028564,I.Abdul-Quddus,DET
00-0002099,I.Bruce,"LA, SF"
00-0030671,I.Burse,"DEN, LAC"
00-0002469,I.Byrd,"CAR, TEN"
00-0036308,I.Coulter,CHI
00-0030656,I.Crowell,"CLE, NYJ"
00-0033471,I.Ford,MIA
00-0032012,I.Fruechte,MIN
00-0005616,I.Fryar,WAS
00-0007468,I.Hilliard,"NYG, TB"
00-0034922,I.Hyman,TB
00-0021604,I.Idonije,CHI
00-0008763,I.Jones,IND
00-0019474,I.Kacyvenski,SEA
00-0033466,I.McKenzie,"BUF, DEN"
00-0011224,I.Mili,SEA
00-0029740,I.Momah,ARI
00-0035539,I.Nauta,DET
00-0020005,I.Ohalete,WAS
00-0029626,I.Pead,"LA, MIA"
00-0026566,I.Redman,PIT
00-0021810,I.Smart,TB
00-0015195,I.Smith,CLE
00-0034378,I.Smith,ATL
00-0034970,I.Smith,MIN
00-0036635,I.Smith-Marsette,MIN
00-0024077,I.Smolko,JAX
00-0022863,I.Sopoaga,SF
00-0025490,I.Stanback,"DAL, JAX, NE"
00-0034365,I.Thomas,CAR
00-0027915,I.Trufant,NYJ
00-0016811,I.Uwaezuoke,"CAR, DET"
00-0033449,I.Whitney,LV
00-0036142,I.Wright,WAS
00-0036100,I.Zuber,NE
00-0031021,J.Abbrederis,"DET, GB"
00-0030300,"Ja. Brown, Ja.Brown, JA.Brown, J.Brown","ARI, SEA"
00-0029271,J.Adams,CAR
00-0032429,J.Adams,NYG
00-0034457,J.Adams,"NYJ, PHI"
00-0024245,J.Addai,IND
00-0021629,J.Adkisson,LV
00-0033572,J.Agnew,"DET, JAX"
00-0031590,J.Ajayi,"MIA, PHI"
00-0025465,"Ja.Jones, J.Jones","GB, LV"
00-0034364,J.Akins,HOU
00-0035726,"Jak.Johnson, J.Johnson",NE
00-0000210,J.Allen,"CHI, HOU"
00-0022740,J.Allen,"KC, MIN"
00-0026022,J.Allen,CLE
00-0031577,J.Allen,"BAL, NYG"
00-0034857,J.Allen,BUF
00-0000242,J.Allred,"CHI, PIT"
00-0031042,J.Amaro,"NYJ, TEN"
00-0000316,J.Anderson,ATL
00-0000374,J.Andruzzi,NE
00-0035246,J.Arcega-Whiteside,PHI
00-0013512,"Ja.Reed, J.Reed","MIN, NO"
00-0000422,J.Armour,BAL
00-0023479,J.Arrington,ARI
00-0024324,J.Avant,"CAR, KC, PHI"
00-0000541,J.Avery,"DEN, MIA, MIN"
00-0034207,J.Badet,WAS
00-0028291,J.Baker,NYJ
00-0027964,J.Baldwin,"KC, SF"
00-0027259,J.Ballard,"ARI, NYG"
00-0029048,J.Banyard,MIN
00-0036628,J.Bates,WAS
00-0025701,J.Battle,"KC, LAC, TEN"
00-0021253,J.Baxter,"ARI, HOU"
00-0027218,J.Bell,DET
00-0029319,J.Bellamy,"CHI, NYJ"
00-0027880,J.Best,DET
00-0001215,J.Bettis,PIT
00-0029707,J.Blackmon,JAX
00-0025426,J.Blalock,ATL
00-0001525,J.Bostic,PHI
00-0030474,J.Boyce,NE
00-0029051,J.Boykin,GB
00-0022290,J.Bradley,DET
00-0036110,J.Bradley,CLE
00-0024202,J.Branch,NO
00-0001766,J.Brigham,LV
00-0033119,J.Brissett,IND
00-0023218,J.Bronson,ARI
00-0019423,J.Brookins,BAL
00-0025616,J.Broussard,JAX
00-0030466,J.Brown,PIT
00-0031051,"J.Brown, Jo. Brown, Jo.Brown","ARI, BAL, BUF, DEN, JAX"
00-0020917,J.Burns,BUF
00-0030691,J.Butler,"BAL, LAC"
00-0033564,J.Butt,DEN
00-0034171,J.Cabinda,DET
00-0028040,J.Cameron,"CLE, MIA"
00-0026178,J.Carlson,"ARI, MIN, SEA"
00-0020343,J.Carter,"NYG, NYJ"
00-0027109,J.Casey,"HOU, PHI"
00-0026213,J.Charles,"DEN, JAX, KC"
00-0036900,J.Chase,CIN
00-0020820,J.Chatman,"LAC, MIA, NYJ"
00-0033464,J.Chesson,"KC, WAS"
00-0024401,J.Clary,LAC
00-0026072,J.Collins,"DET, NO"
00-0027739,J.Conner,"CIN, NYG, NYJ"
00-0033553,J.Conner,"ARI, PIT"
00-0020391,J.Cook,"HOU, TB"
00-0027061,J.Cook,"GB, LA, LAC, LV, NO, TEN"
00-0028930,J.Cooper,CLE
00-0022811,J.Cotchery,"CAR, NYJ, PIT"
00-0029627,J.Crawford,TEN
00-0023176,J.Cribbs,"CLE, IND, NYJ"
00-0029702,J.Criner,LV
00-0033627,J.Croom,"BUF, PHI"
00-0031941,J.Crowder,"NYJ, WAS"
00-0027321,J.Cumberland,"LAC, NYJ"
00-0030129,J.Cunningham,IND
00-0031462,J.Cunningham,"DET, NYG"
00-0036877,J.Darden,TB
00-0019065,J.Davenport,IND
00-0004004,J.Davis,"CHI, MIN, TB"
00-0024158,J.Davis,CHI
00-0027130,J.Davis,"CLE, WAS"
00-0034499,J.Davis,NYG
00-0019461,J.Dawson,"CLE, HOU"
00-0004112,J.Dearth,NYJ
00-0036332,J.Deguara,GB
00-0029722,J.Demps,TB
00-0027925,J.Develin,NE
00-0027105,J.Dillard,JAX
00-0036158,J.Dobbins,BAL
00-0032760,J.Doctson,WAS
00-0030181,J.Doyle,IND
00-0027825,J.Dray,"ARI, CLE"
00-0023630,J.Dreessen,"DEN, HOU, NYJ"
00-0032436,J.Driskel,DET
00-0022746,J.Dugan,MIN
00-0004637,J.Dunn,KC
00-0027786,J.Dwyer,"ARI, PIT"
00-0029552,J.Ebert,JAX
00-0027150,J.Edelman,NE
00-0004836,J.Elliott,NYJ
00-0004871,J.Ellison,NE
00-0022157,J.Faine,CLE
00-0022093,J.Fargas,LV
00-0019905,J.Farris,"ATL, WAS"
00-0029883,J.Fauria,DET
00-0005110,J.Fazande,LAC
00-0019770,J.Feely,ATL
00-0026286,J.Felton,"BUF, CAR, DET, IND, MIN"
00-0020173,J.Fenderson,NO
00-0032377,J.Ferguson,IND
00-0026231,J.Finley,GB
00-0005229,J.Finn,"IND, NYG"
00-0032196,J.Fisher,CIN
00-0026158,J.Flacco,BAL
00-0027709,J.Ford,LV
00-0026373,J.Forsett,"BAL, DEN, DET, HOU, JAX, SEA"
00-0035547,J.Fortson,KC
00-0022484,J.Foschi,"CIN, LV"
00-0032130,J.Fowler,TEN
00-0030078,J.Franklin,GB
00-0034532,J.Franks,CIN
00-0021163,J.Gaffney,"DEN, HOU, MIA, NE, WAS"
00-0021982,J.Gage,"CHI, TEN"
00-0005720,J.Galloway,"DAL, NE, SEA, TB, WAS"
00-0005755,J.Garcia,SF
00-0031345,J.Garoppolo,"NE, SF"
00-0005903,J.German,"ATL, CLE"
00-0021304,J.Gilmore,"CHI, NO, TB"
00-0019134,J.Goodspeed,LA
00-0029664,J.Gordon,"CLE, KC, NE, SEA"
00-0006208,J.Graham,"GB, SEA"
00-0006210,J.Graham,LAC
00-0027696,J.Graham,"CHI, GB, NO, SEA"
00-0034788,J.Graham,ATL
00-0032791,J.Grant,"CHI, MIA"
00-0029104,J.Gray,"JAX, MIA, NE"
00-0006331,J.Green,"DET, TB, WAS"
00-0023591,J.Green,BAL
00-0027873,J.Gresham,"ARI, CIN"
00-0022011,J.Griffith,"ATL, LV, SEA"
00-0029510,J.Grimes,"HOU, NYJ"
00-0035414,J.Guyton,LAC
00-0032419,J.Haeg,TB
00-0030805,J.Hamm,SF
00-0029634,J.Hanna,DAL
00-0033770,J.Hardee,NO
00-0026181,J.Hardy,BUF
00-0031570,J.Hardy,ATL
00-0026355,J.Harper,BAL
00-0028068,J.Harper,TEN
00-0021141,J.Harrington,"ATL, DET"
00-0006949,J.Harris,"DAL, TEN"
00-0022363,J.Harris,CAR
00-0031450,J.Harris,PIT
00-0024359,J.Harrison,"CLE, DET, PHI"
00-0028242,J.Hastings,SF
00-0035806,J.Hasty,SF
00-0033085,J.Hawkins,PIT
00-0027717,J.Hawley,ATL
00-0031493,J.Hayne,SF
00-0026026,J.Haynos,MIA
00-0029311,J.Hemingway,KC
00-0021144,J.Henderson,JAX
00-0036355,J.Herbert,LAC
00-0030920,J.Herndon,LAC
00-0026209,J.Hester,"DEN, LAC"
00-0032227,J.Heuerman,DEN
00-0025486,J.Higgins,LV
00-0036398,J.Hightower,PHI
00-0025463,J.Hill,"JAX, NYJ, SF"
00-0030216,J.Hill,NO
00-0031301,J.Hill,"CIN, NE"
00-0034975,J.Hill,BAL
00-0035013,J.Hilliman,NYG
00-0007546,J.Hodgins,"ARI, LA, NYJ"
00-0024609,J.Holley,DAL
00-0033387,J.Hollister,"JAX, NE, SEA"
00-0020373,J.Holloway,HOU
00-0032935,J.Holton,"LV, PIT"
00-0032986,J.Holtz,CHI
00-0007744,J.Horn,"ATL, KC, NO"
00-0027308,J.Horne,KC
00-0035562,J.Horsted,CHI
00-0032780,"J.Howard, Jo.Howard","CHI, MIA, PHI"
00-0020482,J.Howell,TB
00-0030990,J.Huff,"PHI, TB"
00-0018976,J.Huggins,DAL
00-0007924,J.Hundon,CIN
00-0021313,J.Hunter,BAL
00-0030521,J.Hunter,"BUF, PIT, TEN"
00-0036278,J.Huntley,PHI
00-0036389,J.Hurts,PHI
00-0015218,"Ji.Smith, J.Smith",JAX
00-0020073,J.Isom,SF
00-0020430,J.Jackson,"ARI, CLE"
00-0034440,J.Jackson,LAC
00-0035700,J.Jacobs,LV
00-0027467,J.James,IND
00-0032135,J.James,"CHI, DET, PIT"
00-0031001,J.Janis,GB
00-0036322,J.Jefferson,MIN
00-0036670,J.Jefferson,DET
00-0008346,J.Jenkins,WAS
00-0036259,J.Jennings,SF
00-0028021,J.Jernigan,NYG
00-0008400,J.Jett,LV
00-0036407,J.Jeudy,DEN
00-0008529,J.Johnson,MIA
00-0022141,J.Johnson,CIN
00-0025913,J.Johnson,CIN
00-0026300,J.Johnson,TB
00-0026333,J.Johnson,MIN
00-0026598,J.Johnson,ARI
00-0026799,J.Johnson,DEN
00-0036040,J.Johnson,NO
00-0019404,J.Jones,BAL
00-0022307,J.Jones,NO
00-0022840,J.Jones,"DAL, NO, SEA"
00-0025460,J.Jones,"BAL, HOU"
00-0034560,J.Jones,NYJ
00-0027944,"J.Jones, Ju.Jones","ATL, TEN"
00-0020062,J.Jordan,SF
00-0008962,J.Jurevicius,"CLE, NYG, SEA, TB"
00-0029159,J.Kearse,"NYJ, SEA"
00-0036370,J.Kelley,LAC
00-0034808,J.Kelly,LA
00-0009165,J.Kent,TEN
00-0025597,J.Kent,LA
00-0028091,J.Kerley,"BUF, NYJ, SF"
00-0032375,J.Kerridge,GB
00-0024369,J.King,"ARI, CAR"
00-0009311,J.Kitna,DET
00-0009323,J.Kleinsasser,MIN
00-0024261,J.Klopfenstein,"BUF, LA"
00-0026913,J.Knox,CHI
00-0024170,J.Kowalewski,NYJ
00-0030659,J.Krause,PHI
00-0022999,J.Kuhn,"GB, NO, PIT"
00-0031787,J.Kumerow,"BUF, GB"
00-0031382,J.Landry,"CLE, MIA"
00-0029619,J.Lane,"MIA, TB"
00-0031569,J.Langford,CHI
00-0033953,J.Leggett,NYJ
00-0031801,J.Leslie,CLE
00-0009869,J.Lewis,"BAL, HOU, JAX"
00-0019693,J.Lewis,"BAL, CLE"
00-0033928,J.Lewis,DAL
00-0009960,J.Linton,BUF
00-0026995,J.Maclin,"BAL, KC, PHI"
00-0023897,J.Madsen,LV
00-0028543,J.Maehl,"HOU, PHI"
00-0010292,J.Makovicka,ARI
00-0033859,J.Malone,"CIN, NYJ"
00-0032694,J.Marshall,NYJ
00-0021387,J.Martin,"DAL, MIA"
00-0027445,J.Mastrud,"LV, MIA"
00-0010530,J.Mathews,TEN
00-0023549,J.Mathis,HOU
00-0026665,J.Matthews,JAX
00-0031299,J.Matthews,"BUF, PHI"
00-0021094,J.McAddley,"ARI, SF, TEN"
00-0020381,J.McCareins,"NYJ, TEN"
00-0021206,J.McCown,"ARI, DET"
00-0010786,J.McDaniel,BUF
00-0020805,J.McKie,"CHI, DAL"
00-0031376,J.McKinnon,"KC, MIN, SF"
00-0032602,J.McKissic,"DET, SEA, WAS"
00-0010974,J.McKnight,"DAL, MIA"
00-0027712,J.McKnight,"KC, NYJ"
00-0033955,J.McNichols,TEN
00-0011068,J.McWilliams,"ARI, MIN"
00-0034960,J.Meyers,NE
00-0033006,J.Mickens,"JAX, TB"
00-0011333,J.Mills,MIN
00-0033897,J.Mixon,CIN
00-0011506,J.Montgomery,NYG
00-0034268,J.Moore,GB
00-0035432,J.Moore,LAC
00-0022873,J.Morant,LV
00-0019062,J.Moreland,CLE
00-0026314,J.Morgan,"CHI, SF, WAS"
00-0028532,J.Morgan,NO
00-0011727,J.Morton,"DET, KC, SF"
00-0033246,J.Mundt,LA
00-0020700,J.Mungro,IND
00-0033266,J.Natson,NYJ
00-0026176,J.Nelson,"GB, LV"
00-0032112,J.Nelson,"ARI, LV"
00-0012023,J.Nesbit,NO
00-0028417,J.Newsome,"JAX, KC"
00-0024825,J.Nordin,DET
00-0020828,J.Norman,LAC
00-0024294,J.Norwood,"ATL, LA"
00-0026739,J.Norwood,"CLE, DEN"
00-0029494,Jo.Anderson,CHI
00-0027154,J.O'Connell,KC
00-0012321,J.Ogden,"DAL, MIA"
00-0012322,J.Ogden,BAL
00-0029492,J.Olawale,"DAL, LV"
00-0035249,J.Oliver,"BAL, JAX"
00-0031951,J.O'Shaughnessy,"JAX, KC"
00-0027796,"Jo.Webb, J.Webb","CAR, HOU, MIN"
00-0021255,J.Owens,"DET, NO, SEA"
00-0036988,J.Palmer,LAC
00-0026316,J.Parmele,JAX
00-0019932,J.Parry,"PHI, SEA"
00-0012637,J.Pathon,"ATL, IND, NO"
00-0036755,J.Patterson,WAS
00-0022255,J.Payton,TEN
00-0032974,J.Payton,CLE
00-0021227,J.Peelle,"ATL, LAC, MIA, SF"
00-0021140,J.Peppers,"CAR, GB"
00-0030758,J.Perillo,GB
00-0032599,J.Perkins,"ATL, PHI"
00-0022531,J.Peters,BUF
00-0027139,J.Phillips,"ARI, DAL, DEN, LAC, NO"
00-0013042,J.Plummer,ARI
00-0024364,J.Pociask,NYJ
00-0019703,J.Porter,"JAX, LV"
00-0036133,J.Proche,BAL
00-0031085,J.Prosch,HOU
00-0021100,J.Putzier,"DEN, HOU"
00-0022483,J.Rader,ATL
00-0030388,J.Randle,DAL
00-0013467,J.Reader,PHI
00-0036387,J.Reagor,PHI
00-0019722,J.Redmond,"LV, NE"
00-0019975,J.Redmond,JAX
00-0021166,J.Reed,BUF
00-0030472,J.Reed,"SF, WAS"
00-0036377,J.Reed,LAC
00-0026408,J.Reitz,IND
00-0033943,J.Reynolds,"DET, LA, TEN"
00-0013639,J.Rice,"LV, SEA, SF"
00-0033025,J.Richard,LV
00-0013728,J.Riemersma,"BUF, PIT"
00-0027120,J.Ringer,TEN
00-0013773,J.Ritchie,"LV, PHI"
00-0020587,J.Robertson,"CAR, SF"
00-0013872,J.Robinson,"DAL, LA"
00-0031611,J.Robinson,IND
00-0035831,J.Robinson,JAX
00-0028083,"J.Rodgers, Jz. Rodgers","ATL, CHI, TB"
00-0028249,J.Ross,"ARI, BAL, DET, GB"
00-0033460,"J.Ross, J.Ross III","CIN, NYG"
00-0034331,J.Samuels,"HOU, PIT"
00-0034794,J.Sanders,MIA
00-0020399,J.Saturday,IND
00-0031053,J.Saunders,NO
00-0021264,J.Schifino,TEN
00-0021098,J.Scobey,ARI
00-0034267,J.Scott,"BAL, NYJ"
00-0014619,J.Seau,LAC
00-0027687,J.Shipley,"CIN, JAX"
00-0021148,J.Shockey,"CAR, NO, NYG"
00-0021031,J.Simon,"TEN, WAS"
00-0026186,J.Simpson,"CIN, MIN, SF"
00-0022664,J.Smith,BUF
00-0033858,J.Smith,"NE, TEN"
00-0035510,J.Smith,NYJ
00-0033857,J.Smith-Schuster,PIT
00-0025631,J.Snelling,ATL
00-0021063,J.Soliday,ARI
00-0015420,J.Sowell,"NYJ, TB"
00-0033528,J.Sprinkle,"DAL, WAS"
00-0019666,J.St,"CHI, LA"
00-0025415,J.Staley,SF
00-0022277,J.Standeford,DET
00-0034311,J.Stanton,CLE
00-0019518,J.Starkey,ARI
00-0027791,J.Starks,GB
00-0035671,J.Sternberger,GB
00-0021159,J.Stevens,"SEA, TB"
00-0015698,J.Stewart,"DET, JAX"
00-0026153,J.Stewart,CAR
00-0029441,J.Stewart,LV
00-0015751,J.Stokes,"JAX, NE, SF"
00-0036741,J.Stoll,PHI
00-0020770,J.Stone,LV
00-0030272,J.Stoneburner,MIA
00-0031560,J.Strong,"HOU, JAX"
00-0025864,J.Stupar,BUF
00-0015962,J.Sweeney,PIT
00-0015970,J.Swift,SF
00-0029367,J.Talley,NYG
00-0026267,J.Tamme,"ATL, DEN, IND"
00-0019486,J.Tant,ARI
00-0022679,J.Taylor,NYG
00-0031697,J.Taylor,DEN
00-0036096,J.Taylor,NE
00-0036223,J.Taylor,IND
00-0028067,J.Thomas,"DEN, JAX, MIA"
00-0034420,J.Thomas,"ARI, HOU, NE"
00-0016347,J.Thomason,"GB, PHI"
00-0030647,J.Thompson,DET
00-0030705,J.Thompson,DEN
00-0016440,J.Thrash,"PHI, WAS"
00-0028121,J.Todman,"IND, JAX, PIT"
00-0034489,J.Tolliver,ARI
00-0016654,J.Tucker,DAL
00-0016677,J.Tuman,"ARI, PIT"
00-0021647,J.Urban,"ARI, KC, SEA"
00-0035597,J.Ursua,SEA
00-0026644,J.Vaughan,ATL
00-0036613,J.Waddle,MIA
00-0019008,J.Waerig,DET
00-0021153,J.Walker,"DEN, GB, LV"
00-0035924,J.Ward,ARI
00-0034676,J.Washington,PIT
00-0017303,J.Watson,LA
00-0034386,J.Watson,TB
00-0027949,J.Watt,HOU
00-0017356,J.Weaver,"MIA, NE, PHI, SF"
00-0024404,J.Webb,KC
00-0021223,J.Wells,HOU
00-0019569,J.Whalen,DAL
00-0019057,J.White,"BAL, CLE, TB"
00-0028071,J.White,BUF
00-0029642,J.White,NYJ
00-0031062,J.White,NE
00-0017644,J.Wiggins,"CAR, IND, MIN, NE, NYJ"
00-0017662,J.Wilcox,NO
00-0034400,J.Wilkins,IND
00-0017829,J.Williams,"KC, LV"
00-0019491,J.Williams,"DET, SEA"
00-0027141,J.Williams,KC
00-0032975,J.Williams,"BUF, DET, IND, NO, WAS"
00-0033948,J.Williams,"DET, GB"
00-0036997,J.Williams,DEN
00-0034115,J.Wilson,SF
00-0034426,J.Wims,CHI
00-0035593,J.Winfree,GB
00-0018141,J.Witman,PIT
00-0022127,J.Witten,"DAL, LV"
00-0022288,J.Wright,"ARI, ATL, CLE"
00-0029572,J.Wright,"CAR, MIN"
00-0031291,J.Wright,CIN
00-0028337,K.Adams,CHI
00-0028338,K.Adams,IND
00-0028497,K.Aiken,"BAL, IND, PHI"
00-0030279,K.Allen,LAC
00-0021126,K.Amato,TEN
00-0000279,K.Anders,KC
00-0032152,Ka.Williams,BUF
00-0000598,K.Bailey,"GB, SEA"
00-0034799,K.Ballage,"LAC, MIA, NYJ, PIT"
00-0020474,K.Barlow,"NYJ, SF"
00-0030465,K.Barner,"ATL, CAR, PHI, TB"
00-0023487,K.Barnes,LV
00-0026579,K.Bell,"CHI, NYJ"
00-0031359,K.Benjamin,"BUF, CAR, KC"
00-0031102,K.Bibbs,"DEN, GB, WAS"
00-0035603,K.Blanton,LA
00-0035099,K.Blasingame,TEN
00-0022164,K.Boller,BAL
00-0024390,K.Boothe,NYG
00-0025540,K.Boss,"KC, LV, NYG"
00-0033307,K.Bourne,"NE, SF"
00-0001661,K.Brady,"JAX, NE"
00-0032926,K.Brent,IND
00-0027006,K.Britt,"CLE, LA, NE, TEN"
00-0026699,K.Brock,"BUF, CIN, KC"
00-0026268,K.Burton,LA
00-0033132,K.Byard,TEN
00-0002459,K.Bynum,LAC
00-0020754,K.Campbell,MIN
00-0031057,K.Carey,CHI
00-0002743,K.Carter,"CIN, NO, WAS"
00-0019350,K.Cavil,BUF
00-0032115,K.Clay,"BUF, CAR"
00-0024264,K.Clemens,LA
00-0022726,K.Colbert,"CAR, DET, KC, SEA"
00-0033681,"K.Cole, K.Cole Sr.","JAX, NYJ"
00-0019382,K.Coleman,DEN
00-0003292,K.Collins,NYG
00-0028792,K.Cone,ATL
00-0029604,K.Cousins,MIN
00-0034366,K.Coutee,"HOU, IND"
00-0003619,K.Crawford,GB
00-0034435,K.Crossen,NYG
00-0022001,K.Curtis,"KC, LA, MIA, PHI"
00-0025633,K.Darby,"LA, TB"
00-0026298,K.Davis,"CHI, DET, NYJ, SEA"
00-0030280,K.Davis,"GB, KC"
00-0004294,K.Dilger,"IND, TB"
00-0032411,K.Dixon,BAL
00-0030116,K.Dorsey,GB
00-0035120,K.Doss,LV
00-0033118,K.Drake,"ARI, LV, MIA"
00-0028045,K.Durham,"DET, SEA, TEN"
00-0004694,K.Dyson,"CAR, TEN"
00-0023251,K.Eckel,"NE, NO"
00-0004824,K.Elias,IND
00-0029055,K.Elliott,JAX
00-0021289,Ke.Thomas,BUF
00-0023521,K.Everett,BUF
00-0026204,"Kevin Smith, K.Smith",DET
00-0032902,K.Farrow,LAC
00-0005091,K.Faulk,NE
00-0034509,K.Ford,BUF
00-0036919,K.Gainwell,PHI
00-0005732,K.Gammon,KC
00-0030039,K.Gaskins,SF
00-0033932,K.Golladay,"DET, NYG"
00-0006212,K.Graham,NYG
00-0036876,K.Granson,IND
00-0025578,K.Hall,GB
00-0036412,K.Hamler,DEN
00-0006777,K.Hankton,CAR
00-0035297,K.Harmon,WAS
00-0023159,K.Harris,LA
00-0033441,K.Hatcher,LV
00-0021287,K.Heinrich,CLE
00-0036906,K.Herbert,CHI
00-0036669,K.Hill,GB
00-0036382,"K.Hill, K.Hill Jr.",LAC
00-0035864,K.Hinton,DEN
00-0034854,K.Hodge,"CLE, DET, LA"
00-0033604,K.Hogan,NO
00-0022032,K.Howry,MIN
00-0026819,K.Huggins,TB
00-0033923,K.Hunt,"CLE, KC"
00-0028053,K.Hunter,SF
00-0008560,K.Johnson,"BAL, CLE, DET, JAX"
00-0008561,K.Johnson,"CAR, DAL, NYJ, TB"
00-0021260,K.Johnson,DEN
00-0034349,K.Johnson,DET
00-0035287,K.Johnson,ARI
00-0022782,K.Jones,"CHI, DET"
00-0008941,K.Joseph,SEA
00-0029892,K.Juszczyk,"BAL, SF"
00-0020256,K.Kasper,"ARI, DEN, NE"
00-0022206,K.Keith,IND
00-0022308,K.Kight,NE
00-0034317,K.Kirkwood,"CAR, NO"
00-0028080,K.Klug,TEN
00-0031921,K.Lamm,"CLE, HOU"
00-0031922,K.Lee,"BUF, CHI, DET"
00-0010007,K.Lockett,"JAX, KC, NYJ, WAS"
00-0030441,K.Long,CHI
00-0010092,K.Loud,BUF
00-0026029,K.Lumpkin,"GB, NYG, TB"
00-0010333,K.Mangum,CAR
00-0029415,K.Martin,"HOU, NE"
00-0010577,K.Mawae,NYJ
00-0010668,K.McCardell,"JAX, LAC, TB, WAS"
00-0019268,K.McDougal,IND
00-0035235,K.McGary,ATL
00-0010942,K.McKenzie,MIA
00-0010994,K.McLeod,TB
00-0018997,K.McMullen,CIN
00-0027764,K.Meier,ATL
00-0035844,K.Merritt,MIA
00-0026276,K.Moore,CAR
00-0026988,K.Moreno,"DEN, MIA"
00-0031600,K.Mumphery,HOU
00-0021102,K.Newson,MIA
00-0031327,K.Norwood,"CAR, SEA"
00-0036842,K.Nwangwu,MIN
00-0026780,K.Ogletree,"DAL, DET, NYG, TB"
00-0036345,K.Osborn,MIN
00-0021570,K.Osgood,"JAX, LAC, SF"
00-0025535,"Ko.Smith, K.Smith",KC
00-0012480,K.Oxendine,ATL
00-0028070,K.Pilares,CAR
00-0036970,K.Pitts,ATL
00-0013097,K.Poole,"DEN, NO"
00-0034193,K.Rader,PIT
00-0020425,K.Rambo,DAL
00-0032464,K.Raymond,"DEN, DET, NYG, TEN"
00-0028238,K.Reuland,NYJ
00-0020490,K.Robinson,"GB, MIN, SEA"
00-0030348,K.Robinson,NO
00-0027981,K.Rudolph,"MIN, NYG"
00-0014753,K.Shedd,LV
00-0014977,K.Sinceno,CHI
00-0031091,K.Small,CLE
00-0030968,K.Smith,"ATL, DAL, LV"
00-0031320,K.Smith,SEA
00-0034988,K.Smith,NYG
00-0026757,K.Sperry,"ARI, LAC, MIA"
00-0015700,K.Stewart,PIT
00-0030085,K.Stills,"HOU, MIA, NO"
00-0015959,K.Swayne,NYJ
00-0028606,K.Taylor,"ARI, JAX"
00-0030000,K.Thompkins,"LV, NE, NYJ"
00-0036913,K.Toney,NYG
00-0027257,K.Toston,"JAX, LA"
00-0016691,K.Turley,NO
00-0016723,K.Turner,PHI
00-0036450,K.Vaughn,TB
00-0021931,K.Walter,"CIN, HOU"
00-0021586,K.Ware,"SF, WAS"
00-0017200,K.Warner,ARI
00-0035660,K.Warring,HOU
00-0022171,K.Washington,"BAL, CIN, LAC, NE"
00-0019808,K.Watson,"CIN, WAS"
00-0031545,K.White,"CHI, NO"
00-0035596,K.Whyte Jr.,PIT
00-0036183,K.Wilkerson,NE
00-0017847,K.Williams,"ARI, TB"
00-0017860,K.Williams,BUF
00-0024348,K.Williams,BUF
00-0027214,K.Williams,"DET, WAS"
00-0027608,K.Williams,SF
00-0030117,K.Williams,ARI
00-0032250,K.Williams,"CLE, SEA"
00-0022714,K.Wilson,"BAL, KC, LAC"
00-0022922,K.Winslow,"CLE, NE, NYJ, TB"
00-0029708,K.Wright,"CHI, TEN"
00-0036510,K.Yeboah,NYJ
00-0029592,K.Zeitler,CLE
00-0026372,K.Zinger,ATL
00-0000217,L.Allen,DAL
00-0026432,L.Ball,"DEN, IND"
00-0030496,L.Bell,"BAL, KC, NYJ, PIT, TB"
00-0035912,L.Bellamy,DEN
00-0021184,L.Betts,"NO, WAS"
00-0027325,L.Blount,"DET, NE, PHI, PIT, TB"
00-0025458,L.Booker,"MIA, MIN, PHI"
00-0036364,L.Bowden,MIA
00-0029548,L.Brazill,IND
00-0001862,L.Broughton,"CAR, PHI"
00-0001981,L.Brown,BUF
00-0025392,L.Brown,ARI
00-0029343,L.Byrd,ARI
00-0036145,L.Cager,NYJ
00-0033060,L.Carroo,MIA
00-0002846,L.Centers,"BUF, NE, WAS"
00-0018958,L.Coles,"CIN, NYJ, WAS"
00-0022384,L.Croom,ARI
00-0004079,L.Dawsey,NO
00-0021554,L.Diamond,"ARI, MIA"
00-0028838,L.Donnell,NYG
00-0029004,L.Dunbar,"DAL, LA"
00-0022910,L.Evans,"BAL, BUF"
00-0036887,L.Farrell,JAX
00-0022921,L.Fitzgerald,ARI
00-0005322,L.Fletcher,LA
00-0019231,L.Foster,"ARI, DET"
00-0033856,L.Fournette,"JAX, TB"
00-0021209,L.Gordon,"LA, MIA, PHI"
00-0029275,L.Green,"LAC, PIT"
00-0006666,L.Hall,"GB, NO"
00-0021556,L.Hamilton,CIN
00-0026121,L.Hamilton,NO
00-0028017,L.Hankerson,"ATL, WAS"
00-0026266,L.Hawkins,TEN
00-0021343,L.Henry,MIA
00-0026344,L.Hilliard,"MIA, NYJ"
00-0007520,L.Hoard,MIN
00-0035406,L.Humphrey,NO
00-0008156,L.Jackson,"CLE, JAX"
00-0034796,L.Jackson,BAL
00-0029260,L.James,"MIA, SF"
00-0028542,L.Jean,HOU
00-0008568,L.Johnson,"CHI, LAC"
00-0008570,L.Johnson,NYG
00-0008572,L.Johnson,KC
00-0021976,L.Johnson,"CIN, KC"
00-0030561,L.Johnson,PHI
00-0021145,L.Jones,CIN
00-0020462,L.Jordan,"DEN, LV, NYJ"
00-0027985,L.Kendricks,"GB, LA, LAC"
00-0009298,L.Kirkland,PIT
00-0022529,L.Lawton,"IND, LV"
00-0025934,L.Long,"ARI, KC"
00-0026961,L.Louis,CHI
00-0023467,L.Mankins,NE
00-0024236,L.Maroney,"DEN, NE"
00-0021309,L.Mays,PIT
00-0025524,L.McClain,"BAL, KC, LAC"
00-0023658,L.McCoy,ARI
00-0027029,L.McCoy,"BUF, KC, PHI, TB"
00-0029615,L.Miller,"CHI, HOU, MIA"
00-0023310,L.Moore,"DET, NO, PIT"
00-0027089,L.Murphy,"CAR, LV, NYG, SF, TB"
00-0030513,L.Murray,"BAL, LV, MIN, NO"
00-0025559,L.Naanee,"CAR, LAC, MIA"
00-0011958,L.Neal,"BAL, CIN, LAC, TEN"
00-0021305,L.Ned,MIN
00-0012569,L.Parker,KC
00-0027215,L.Paulsen,"ATL, CHI, SF, WAS"
00-0024595,L.Payne,SEA
00-0036269,L.Perine,NYJ
00-0012931,L.Phillips,SF
00-0031834,L.Pinkard,JAX
00-0022405,L.Polite,"ATL, DAL, MIA"
00-0024287,L.Pope,"ARI, KC, PIT"
00-0013308,L.Purnell,BAL
00-0025841,L.Rankin,SEA
00-0025462,L.Robinson,"ATL, DAL, JAX, LA"
00-0036650,L.Rountree,LAC
00-0036268,"L.Shenault, L.Shenault Jr.",JAX
00-0014790,L.Shepherd,"CLE, MIA"
00-0015242,L.Smith,"CAR, MIA, NO"
00-0022126,L.Smith,"BAL, PHI"
00-0028097,L.Smith,"ATL, BUF, LV"
00-0019035,L.Stephens,WAS
00-0026956,L.Stephens-Howling,"ARI, PIT"
00-0028042,L.Stocker,"ATL, MIN, TB, TEN"
00-0022180,L.Suggs,CLE
00-0026193,L.Sweed,PIT
00-0031066,L.Taliaferro,BAL
00-0029856,L.Thomas,JAX
00-0031260,L.Thomas,"BUF, DET, WAS"
00-0032740,L.Thomas,NYJ
00-0022057,L.Toefield,JAX
00-0030443,L.Toilolo,"ATL, DET, NYG, SF"
00-0020536,L.Tomlinson,"LAC, NYJ"
00-0032951,L.Treadwell,"ATL, JAX, MIN"
00-0024067,L.Vickers,BAL
00-0024394,L.Vickers,"CLE, DAL, HOU"
00-0017218,L.Warren,"DET, NE"
00-0024332,L.Washington,"NE, NYJ, SEA, TEN"
00-0023063,L.Weaver,"PHI, SEA"
00-0032827,L.Wester,TB
00-0024260,L.White,TEN
00-0031757,L.Whitehead,DAL
00-0028288,L.Williams,BAL
00-0030089,L.Willson,"BAL, DET, SEA"
00-0031962,M.Alford,CIN
00-0033217,M.Alie-Cox,IND
00-0000251,M.Alstott,TB
00-0019594,M.Anderson,"BAL, DEN"
00-0034753,M.Andrews,BAL
00-0027356,"Mar.Moore, M.Moore","CLE, MIA, SF"
00-0028198,M.Asiata,MIN
00-0034747,M.Ateman,LV
00-0023921,M.Austin,"CLE, DAL, PHI"
00-0030522,M.Ball,DEN
00-0023544,M.Barber,"CHI, DAL"
00-0030533,M.Barkley,CHI
00-0000781,M.Barnes,CHI
00-0000849,M.Bartrum,"NE, PHI"
00-0000856,M.Basnight,CIN
00-0000871,M.Bates,"ARI, DET"
00-0000872,M.Bates,CAR
00-0000883,M.Battaglia,"CIN, TB, WAS"
00-0034169,M.Baugh,WAS
00-0024011,M.Bell,"CLE, DEN, NO, PHI"
00-0020514,M.Bennett,"KC, LAC, LV, MIN, TB"
00-0026201,M.Bennett,"CHI, DAL, GB, NE, NYG"
00-0020583,M.Boerigter,KC
00-0001477,M.Booker,"ATL, CHI, MIA"
00-0034208,M.Boone,"DEN, MIN"
00-0035703,M.Boykin,BAL
00-0023474,M.Bradley,"CHI, KC"
00-0033308,M.Breida,"BUF, MIA, SF"
00-0001842,M.Brooks,CHI
00-0029155,M.Brown,JAX
00-0030400,M.Brown,BAL
00-0031806,M.Brown,"LA, MIA"
00-0032048,M.Brown,WAS
00-0035662,M.Brown,BAL
00-0002102,M.Bruener,"HOU, PIT"
00-0031373,M.Bryant,"LV, PIT"
00-0019599,M.Bulger,LA
00-0025892,M.Bumpus,SEA
00-0033087,M.Bundy,NYG
00-0031595,M.Burton,"CHI, DET, KC, NO, WAS"
00-0025487,M.Bush,"CHI, LV"
00-0036219,M.Callaway,NO
00-0031025,M.Campanaro,BAL
00-0002586,M.Campbell,"BUF, CLE, NO"
00-0002587,M.Campbell,WAS
00-0028293,M.Campbell,NYJ
00-0036924,"M.Carter, Mi.Carter",NYJ
00-0023662,M.Cassel,KC
00-0027500,M.Caussin,BUF
00-0002958,M.Chmura,GB
00-0033352,M.Clark,GB
00-0022725,M.Clayton,"NYG, TB"
00-0023457,M.Clayton,"BAL, LA"
00-0003136,M.Cloud,"KC, NE, NYG"
00-0003175,M.Cody,ARI
00-0003231,M.Coleman,"HOU, NYJ"
00-0024466,M.Colston,NO
00-0026033,M.Cox,"ATL, KC"
00-0030128,M.Cox,NYG
00-0026986,M.Crabtree,"ARI, BAL, LV, SF"
00-0025580,M.Crosby,GB
00-0003803,M.Cushing,PIT
00-0032063,M.Davis,"ATL, CAR, CHI, SEA, SF"
00-0033596,M.Dayes,CLE
00-0035686,M.Deiter,MIA
00-0020050,M.Dominguez,DEN
00-0027708,M.Easley,BUF
00-0004768,M.Edwards,"CHI, CLE, JAX, NE"
00-0029694,M.Egnew,MIA
00-0031408,M.Evans,TB
00-0005092,M.Faulk,LA
00-0034101,M.Flanagan,WAS
00-0022414,M.Floyd,LAC
00-0029638,M.Floyd,"ARI, MIN, NE, WAS"
00-0026184,M.Forte,"CHI, NYJ"
00-0019558,M.Fulcher,LV
00-0019281,M.Furrey,"CLE, DET, LA"
00-0022706,M.Gaines,"BUF, CAR, CLE, DET"
00-0034764,M.Gallup,DAL
00-0035311,M.Gaskin,MIA
00-0023726,M.Gasperson,PHI
00-0035269,M.Gay,LA
00-0034829,M.Gesicki,MIA
00-0026324,M.Gibson,SEA
00-0030433,M.Gillislee,"BUF, NE, NO"
00-0027700,M.Gilyard,"LA, NYJ, PHI"
00-0027080,M.Goodson,"CAR, LV, NYJ"
00-0030068,M.Goodwin,"BUF, CHI, SF"
00-0032144,M.Gordon,"DEN, LAC"
00-0029878,M.Gray,"BUF, CLE, MIA, MIN"
00-0019576,M.Green,TEN
00-0030999,M.Grice,ARI
00-0024358,M.Hagans,"KC, LA"
00-0033094,M.Hall,"ATL, CLE, DET"
00-0027666,M.Hardesty,CLE
00-0035140,M.Hardman,KC
00-0006977,M.Harris,SF
00-0032362,M.Harris,WAS
00-0007024,M.Harrison,IND
00-0026342,M.Hart,IND
00-0007103,M.Hatchette,"JAX, MIN, NYJ"
00-0031315,M.Hazel,"IND, MIA"
00-0023683,M.Hedgecock,"LA, NYG"
00-0020797,M.Hicks,SF
00-0028522,M.Higgins,NO
00-0007447,M.Hill,LV
00-0030320,M.Hill,TB
00-0033555,M.Hollins,"MIA, PHI"
00-0027732,M.Hoomanawanui,"LA, NE, NO"
00-0027966,M.Ingram,"BAL, HOU, NO"
00-0008044,M.Irvin,DAL
00-0027869,M.Iupati,ARI
00-0027702,"Mi.Williams, M.Williams","BUF, TB"
00-0008224,M.Jacoby,KC
00-0030391,M.James,TB
00-0020275,M.Jameson,CLE
00-0008357,M.Jenkins,ARI
00-0022781,M.Jenkins,"ATL, MIN"
00-0021129,M.Jennings,NYG
00-0030822,M.Jensen,JAX
00-0008575,M.Johnson,PIT
00-0027149,M.Johnson,DAL
00-0027699,M.Johnson,ATL
00-0032068,M.Johnson,CLE
00-0032980,M.Johnson,"IND, PHI, TEN"
00-0022882,M.Jones,"CAR, TEN"
00-0023456,M.Jones,JAX
00-0029293,M.Jones,"CIN, DET, JAX"
00-0031939,M.Jones,WAS
00-0024275,M.Jones-Drew,"JAX, LV"
00-0022796,M.Karney,"LA, NO"
00-0026191,M.Kelly,WAS
00-0033481,M.Kemp,KC
00-0018981,M.Knight,LV
00-0027352,M.Komar,ARI
00-0022219,M.Kranchick,PIT
00-0031744,M.LaCosse,"DEN, NE, NYG"
00-0026132,M.Lawrence,BAL
00-0019435,M.Leach,TEN
00-0031431,M.Lee,JAX
00-0031788,M.Lengel,"CIN, NE"
00-0027995,M.Leshoure,DET
00-0019600,M.Lewis,NO
00-0024243,M.Lewis,"GB, JAX"
00-0010146,M.Lucky,DAL
00-0025399,M.Lynch,"BUF, LV, SEA"
00-0010202,M.Lyons,PIT
00-0033951,M.Mack,IND
00-0028574,M.Madu,TB
00-0026235,M.Manningham,"NYG, SF"
00-0027816,M.Mariani,"CHI, TEN"
00-0032268,M.Mariota,TEN
00-0024561,M.Mason,WAS
00-0027026,M.Massaquoi,CLE
00-0024682,M.Matthews,"NE, NYG"
00-0023655,M.Maxwell,CIN
00-0032937,M.McCaffrey,JAX
00-0026249,M.McGlynn,PHI
00-0020308,M.McMahon,DET
00-0028651,M.McNeill,LA
00-0029424,M.McNutt,"CAR, PHI"
00-0025520,M.Milner,ATL
00-0020272,M.Minnis,KC
00-0026959,M.Mitchell,WAS
00-0032400,M.Mitchell,NE
00-0022217,M.Moore,"IND, MIN, PIT"
00-0021182,M.Morris,"DET, SEA"
00-0011795,M.Muhammad,"CAR, CHI"
00-0026008,M.Mulligan,"BUF, DET, LA, NE, NYJ"
00-0021352,M.Murphy,"DET, HOU"
00-0031959,M.Murphy,"BUF, NO"
00-0023981,M.Nance,MIN
00-0011932,M.Nash,"BAL, DEN"
00-0035328,M.Nelson,DET
00-0020508,M.Norris,"DET, HOU, SF"
00-0026999,M.Oher,BAL
00-0025610,M.Otto,TEN
00-0024103,M.Owens,JAX
00-0027202,M.Palmer,"ATL, PIT"
00-0036245,M.Perry,MIA
00-0013013,M.Pittman,"ARI, DEN, TB"
00-0036252,M.Pittman,IND
00-0013080,M.Pollard,"ATL, DET, IND, SEA"
00-0027870,M.Pouncey,PIT
00-0013173,M.Powell,NO
00-0028362,M.Preston,TEN
00-0013258,M.Pritchard,SEA
00-0031585,M.Pruitt,"CHI, MIN, TEN"
00-0026396,M.Purify,CIN
00-0026393,M.Reece,"LV, SEA"
00-0029164,M.Remmers,KC
00-0013712,M.Ricks,"DET, KC, LAC"
00-0030514,M.Rivera,LV
00-0020187,M.Rivers,"HOU, NYG"
00-0013792,M.Roan,TEN
00-0020345,M.Roberg,IND
00-0033559,M.Roberts,DET
00-0013888,M.Robinson,"BAL, CHI, MIN"
00-0024315,M.Robinson,"SEA, SF"
00-0023476,M.Roos,TEN
00-0020542,M.Ross,"CAR, JAX"
00-0026251,M.Rucker,"CLE, JAX"
00-0026143,M.Ryan,ATL
00-0035243,M.Sanders,PHI
00-0029632,M.Sanu,"ATL, CIN, DET, NE, SF"
00-0036698,M.Sargent,JAX
00-0022787,M.Schaub,"ATL, HOU"
00-0021084,M.Schobel,"CIN, PHI"
00-0033798,M.Schreck,CIN
00-0029253,M.Schwartz,CLE
00-0022129,M.Seidman,CAR
00-0014655,M.Sellers,"CLE, WAS"
00-0020022,M.Shipp,ARI
00-0027809,M.Shuler,"JAX, MIA"
00-0025466,"M.Sims-Walker, M.Walker","JAX, LA"
00-0026293,M.Slater,NE
00-0026500,M.Slauson,NYJ
00-0018977,M.Smith,ATL
00-0022130,"M.Smith, Mu.Smith",BAL
00-0025464,M.Spaeth,"CHI, PIT"
00-0015441,M.Spears,KC
00-0023968,M.Spurlock,"ARI, CHI, JAX, LAC, TB"
00-0026498,M.Stafford,"DET, LA"
00-0024305,M.Stovall,"DET, TB"
00-0036482,M.Strachan,IND
00-0015830,M.Strong,SEA
00-0019502,M.Tauscher,GB
00-0035480,M.Taylor,GB
00-0027757,M.Tennant,PHI
00-0026577,M.Thigpen,"MIA, TB"
00-0016296,M.Thomas,NYG
00-0027076,M.Thomas,"DET, JAX"
00-0032765,M.Thomas,NO
00-0033114,M.Thomas,"CIN, LA"
00-0026069,M.Tolbert,"BUF, CAR, LAC"
00-0027412,M.Tonga,LV
00-0022821,M.Turner,"ATL, LAC"
00-0034867,M.Turner,"DAL, SEA"
00-0027573,M.Unrein,DEN
00-0034272,M.Valdes-Scantling,GB
00-0020245,M.Vick,ATL
00-0016960,M.Vrabel,"KC, NE"
00-0016990,M.Wahle,GB
00-0035374,M.Walker,JAX
00-0026901,M.Wallace,"BAL, MIA, MIN, PHI, PIT"
00-0034679,M.Walton,"CIN, MIA"
00-0017428,M.Wells,CHI
00-0017470,M.Westbrook,"CIN, WAS"
00-0030460,M.Wheaton,"CHI, PIT"
00-0030274,M.White,"GB, NYG"
00-0034401,M.White,NYJ
00-0035771,M.Wilcox,CIN
00-0019614,M.Wiley,DAL
00-0022009,M.Wilhelm,LAC
00-0017892,M.Williams,"BAL, MIN"
00-0023452,M.Williams,"DET, LV, SEA"
00-0030110,M.Williams,NE
00-0031151,M.Williams,NYJ
00-0031558,M.Williams,"ARI, BAL"
00-0033536,M.Williams,LAC
00-0033796,M.Williams,CLE
00-0024756,M.Willis,"BAL, DEN"
00-0030047,M.Wilson,CHI
00-0020387,M.Wynn,"BAL, TB"
00-0031549,N.Agholor,"LV, NE, PHI"
00-0035149,N.Allegretti,KC
00-0034433,N.Bawden,"DET, NYJ"
00-0028292,N.Bellore,"DET, NYJ, SEA"
00-0031598,N.Boyle,BAL
00-0002005,N.Brown,PHI
00-0033591,N.Brown,DAL
00-0021999,N.Burleson,"DET, MIN, SEA"
00-0027780,N.Byham,"SF, TB"
00-0034791,N.Chubb,CLE
00-0036554,N.Collins,HOU
00-0021252,N.Davenport,"GB, IND, PIT"
00-0029358,N.Eachus,KC
00-0035644,N.Fant,DEN
00-0029567,N.Foles,PHI
00-0034445,N.Gates,NYG
00-0019831,N.Goings,CAR
00-0036637,N.Gray,KC
00-0036893,N.Harris,PIT
00-0035624,N.Harry,NE
00-0023676,N.Herron,GB
00-0034367,N.Hines,IND
00-0026100,N.Hughes,JAX
00-0020617,N.Jackson,DEN
00-0030806,N.Jacobs,JAX
00-0008229,N.Jacquet,"LAC, MIA"
00-0030512,N.Kasa,LV
00-0009038,N.Kaufman,LV
00-0034192,N.Keizer,KC
00-0032773,N.Kwiatkoski,CHI
00-0022907,N.Lawrie,"CIN, NO, TB"
00-0017896,"N.Luchey, N.Williams","CIN, GB"
00-0024244,N.Mangold,NYJ
00-0011081,N.Means,LAC
00-0026536,N.Miller,"LA, LV"
00-0032117,N.O'Leary,"BUF, JAX, MIA"
00-0028906,N.Palmer,IND
00-0028093,N.Paul,"JAX, WAS"
00-0020021,N.Poole,"ARI, NO"
00-0027220,N.Roosevelt,BUF
00-0035669,N.Scott,LA
00-0027955,N.Solder,NE
00-0032120,N.Sterling,"JAX, NYJ"
00-0023774,N.Tahi,MIN
00-0036005,N.Togiai,IND
00-0029667,N.Toon,NO
00-0020226,N.Turner,LAC
00-0032394,N.Vannett,"DEN, NO, PIT, SEA"
00-0023367,N.Washington,"HOU, PIT, TEN"
00-0036182,N.Westbrook-Ikhine,TEN
00-0029848,N.Williams,"ATL, LA, TEN, WAS"
00-0000552,O.Ayanbadejo,"ARI, BAL, MIA"
00-0031235,"O.Beckham, O.Beckham Jr.","CLE, LA, NYG"
00-0001397,O.Bobo,CLE
00-0029414,O.Charles,"CIN, CLE, KC"
00-0024313,O.Daniels,"BAL, DEN, HOU"
00-0030860,O.Darkwa,"MIA, NYG"
00-0021087,O.Easy,KC
00-0005668,O.Gadsden,MIA
00-0005816,O.Gary,"DEN, DET"
00-0033879,O.Howard,TB
00-0023891,O.Hoyte,DAL
00-0035006,O.Johnson,MIN
00-0009472,O.Kreutz,CHI
00-0028062,O.Marecic,CLE
00-0010824,O.McDuffie,MIA
00-0022143,O.Mughelli,"ATL, BAL"
00-0025562,O.O'Neal,LV
00-0014350,O.Santiago,"ATL, CLE, LV"
00-0026303,O.Schmitt,"PHI, SEA"
00-0023151,O.Small,TEN
00-0022138,O.Smith,MIN
00-0026399,O.Sobomehin,NO
00-0035208,O.Zaccheaus,ATL
00-0032741,P.Barber,"LV, TB, WAS"
00-0019164,P.Batteaux,LAC
00-0033439,P.Brown,"CLE, HOU"
00-0019642,P.Burress,"NYG, NYJ, PIT"
00-0035639,P.Campbell,IND
00-0002985,P.Chryplewicz,DET
00-0024172,P.Cobbs,MIA
00-0033111,P.Cooper,"ARI, CAR, LA, NYG"
00-0022766,P.Crayton,"DAL, LAC"
00-0019353,P.Crosby,BUF
00-0028581,P.DiMarco,"ATL, BUF, KC"
00-0032208,P.Dorsett,"HOU, IND, JAX, NE, SEA"
00-0029227,P.Edwards,DET
00-0022578,P.Fleck,SF
00-0005532,P.Franklin,NO
00-0036894,P.Freiermuth,PIT
00-0026345,P.Garcon,"IND, SF, WAS"
00-0006804,P.Hape,"DEN, TB"
00-0035022,P.Hart,SEA
00-0026998,P.Harvin,"BUF, MIN, NYJ, SEA"
00-0035572,P.Hesse,ATL
00-0026367,P.Hillis,"CLE, DEN, KC, NYG"
00-0007661,P.Holmes,"BAL, KC"
00-0026331,P.Hubbard,BUF
00-0023248,P.Irons,CLE
00-0008300,P.Jeffers,CAR
00-0008598,P.Johnson,"BAL, JAX, WAS"
00-0009137,P.Kendall,WAS
00-0035342,P.Laird,MIA
00-0031706,P.Lasike,CHI
00-0034109,P.Lindsay,"DEN, HOU, MIA"
00-0033873,P.Mahomes,KC
00-0010341,P.Mannelly,CHI
00-0010346,P.Manning,IND
00-0027145,P.McAfee,IND
00-0032679,P.McRoberts,LA
00-0011425,P.Mitchell,"DET, JAX, NYG"
00-0027450,P.Parker,"NYG, TB"
00-0019533,P.Pass,NE
00-0032417,P.Perkins,"DET, NYG"
00-0027943,P.Peterson,ARI
00-0023881,P.Pope,DEN
00-0013232,P.Price,"ATL, BUF, DAL"
00-0013255,P.Prioleau,BUF
00-0033376,P.Ricard,BAL
00-0031257,P.Richardson,"SEA, WAS"
00-0022942,P.Rivers,LAC
00-0014809,P.Shields,IND
00-0019673,P.Smith,"DET, SF"
00-0028987,P.Supernaw,"BAL, KC, TEN"
00-0028613,P.Tanner,DAL
00-0035973,P.Taylor,GB
00-0024813,P.Thomas,"NO, WAS"
00-0027059,P.Turner,NYJ
00-0032841,P.Turner,PHI
00-0033275,P.Walker,CAR
00-0023657,P.Warren,TB
00-0019455,P.Warrick,"CIN, SEA"
00-0019916,P.Washington,JAX
00-0025467,P.Williams,TEN
00-0035350,P.Williams,MIA
00-0031514,Q.Bray,IND
00-0036277,Q.Cephus,DET
00-0026716,Q.Cosby,CIN
00-0032007,Q.Dunbar,WAS
00-0004705,Q.Early,NYJ
00-0031023,Q.Enunwa,NYJ
00-0024460,Q.Ganther,"BUF, SEA, TEN, WAS"
00-0022095,Q.Griffin,DEN
00-0008059,Q.Ismail,"BAL, IND"
00-0027106,Q.Johnson,"GB, TEN"
00-0027122,Q.Lawrence,KC
00-0020340,Q.McCord,ATL
00-0020427,Q.Morgan,"CLE, DAL, PIT"
00-0035273,Q.Ollison,ATL
00-0030450,Q.Patton,SF
00-0027437,Q.Porter,LA
00-0024380,Q.Sypniewski,BAL
00-0036271,Q.Watkins,PHI
00-0000007,R.Abdullah,"CHI, NE, TB"
00-0033957,R.Adams,CHI
00-0030653,R.Agnew,CLE
00-0021890,R.Alston,CLE
00-0000339,R.Anderson,"DAL, NYJ"
00-0032688,"R.Anderson, Ro.Anderson","CAR, NYJ"
00-0022041,R.Angulo,"JAX, LA, MIN"
00-0000387,R.Anthony,TB
00-0035268,R.Armstead,JAX
00-0019919,"Ra.Williams, R.Williams","DAL, LV"
00-0019454,R.Baker,MIA
00-0026902,R.Barden,NYG
00-0000765,R.Barlow,"JAX, TB"
00-0036550,R.Bateman,BAL
00-0021788,R.Bellamy,MIA
00-0021250,R.Boiman,IND
00-0034578,R.Bonnafon,CAR
00-0019826,R.Bowers,"CLE, PIT"
00-0027583,R.Brockel,CAR
00-0001848,R.Brooks,DEN
00-0002027,R.Brown,SEA
00-0002041,R.Brown,BUF
00-0023437,R.Brown,"HOU, LAC, MIA, PHI"
00-0023470,R.Brown,PHI
00-0029209,R.Broyles,DET
00-0030288,R.Burkhead,"CIN, HOU, NE"
00-0024217,R.Bush,"BUF, DET, MIA, NO, SF"
00-0021176,R.Caldwell,"LAC, NE, WAS"
00-0002701,R.Carruth,CAR
00-0022431,R.Carthon,IND
00-0021357,R.Cartwright,"LV, WAS"
00-0002873,R.Chancey,LAC
00-0028002,R.Cobb,"DAL, GB, HOU"
00-0003310,R.Collins,BAL
00-0019725,R.Cooper,DET
00-0027758,R.Cooper,PHI
00-0034054,R.Cracraft,"DEN, SF"
00-0022564,R.Cruz,KC
00-0021337,R.Curry,LV
00-0018608,R.Davis,LAC
00-0023429,R.Davis,"CHI, DET"
00-0033530,R.Davis,"PHI, WAS"
00-0034034,R.Davis,TEN
00-0019643,R.Dayne,"DEN, HOU, NYG"
00-0021189,R.Denney,BUF
00-0027612,R.D'Imperio,MIN
00-0019662,R.Dixon,NYG
00-0019610,R.Droughns,"CLE, DEN, DET, NYG"
00-0004574,R.Dudley,"CLE, LV, TB"
00-0019708,R.Dugans,CIN
00-0034073,R.Dwelley,SF
00-0004774,R.Edwards,MIA
00-0029587,R.Ellison,"MIN, NYG"
00-0020428,R.Ferguson,"GB, MIN"
00-0023682,R.Fitzpatrick,"CIN, MIA, TEN"
00-0034510,R.Foster,"BUF, WAS"
00-0034838,R.Freeman,"CAR, DEN, HOU"
00-0034660,R.Gafford,LV
00-0034411,R.Gage,ATL
00-0005741,R.Gannon,LV
00-0020525,R.Gardner,"CAR, GB, KC, WAS"
00-0033054,R.Gathers,DAL
00-0020320,R.Germany,BUF
00-0036187,R.Gilliam,BUF
00-0027585,R.Goodman,LAC
00-0028119,R.Gordon,"KC, LV"
00-0030233,R.Graham,HOU
00-0022984,R.Grant,GB
00-0031068,R.Grant,"IND, LV, WAS"
00-0032170,R.Greene,JAX
00-0029665,R.Griffin,WAS
00-0030108,R.Griffin,"HOU, NYJ"
00-0006458,R.Griffith,JAX
00-0027656,R.Gronkowski,"NE, TB"
00-0022121,R.Grossman,CHI
00-0025556,R.Hall,IND
00-0021282,R.Hannam,SEA
00-0006989,R.Harris,"DEN, NE"
00-0006994,R.Harris,ATL
00-0028043,R.Helu,"LV, WAS"
00-0031187,R.Herron,TB
00-0030780,R.Hewitt,"CIN, IND"
00-0007387,R.Hicks,BUF
00-0032977,R.Higgins,CLE
00-0029683,R.Hillman,"DEN, LAC, MIN"
00-0007579,R.Holcombe,"LA, TEN"
00-0028007,R.Housler,"ARI, CHI, CLE"
00-0028345,R.Hughes,"ARI, IND"
00-0007969,R.Huntley,"CAR, PIT"
00-0020984,R.Hymes,BAL
00-0008060,R.Ismail,DAL
00-0034439,R.Izzo,NE
00-0008178,R.Jackson,CLE
00-0034286,"R.James, R.James Jr.",SF
00-0019025,R.Jenkins,"LAC, LV"
00-0027155,R.Jennings,"JAX, LV, NYG"
00-0008612,R.Johnson,BUF
00-0021242,R.Johnson,BAL
00-0021868,R.Johnson,WAS
00-0020407,"R.Johnson, Ru.Johnson","CIN, DET"
00-0008841,R.Jones,LAC
00-0021685,R.Jones,MIN
00-0034816,R.Jones,TB
00-0008921,R.Jordan,LV
00-0032371,R.Kelley,WAS
00-0009119,R.Kelly,"ATL, CIN"
00-0032383,R.Kelly,IND
00-0021018,R.Kent,HOU
00-0009417,R.Konrad,MIA
00-0022759,R.Krause,"GB, LAC"
00-0021673,R.Lee,"DAL, GB, LV"
00-0032659,R.Lewis,NYG
00-0028442,R.Lockette,SEA
00-0033079,R.Louis,CLE
00-0028486,R.Mahaffey,IND
00-0021509,R.Mahe,PHI
00-0032650,R.Malleck,HOU
00-0023607,R.Marshall,SF
00-0022421,R.Martin,"BUF, GB, LA, SEA"
00-0027864,"R.Mathews, Ry.Mathews","LAC, PHI"
00-0029580,R.Matthews,"MIA, NYJ, TEN"
00-0025568,"R.Maui'a, R.Mauia","ARI, MIA"
00-0033773,R.McCarron,NE
00-0034407,R.McCloud,"BUF, PIT"
00-0010790,R.McDaniel,TB
00-0028899,R.McLeod,LA
00-0036652,R.McMath,TEN
00-0021236,R.McMichael,"LA, LAC, MIA"
00-0025414,R.Meachem,"LAC, NO"
00-0019534,R.Mealey,GB
00-0026163,R.Mendenhall,"ARI, PIT"
00-0023512,R.Moats,"HOU, PHI"
00-0011488,R.Monroe,"ATL, CLE"
00-0011601,R.Moore,ARI
00-0036936,R.Moore,ARI
00-0011754,R.Moss,"LV, MIN, NE, SF, TEN"
00-0031687,R.Mostert,SF
00-0026334,R.Mundy,PIT
00-0028416,R.Murphy,JAX
00-0034597,R.Nall,CHI
00-0018578,R.Neufeld,BUF
00-0021560,R.Newhouse,ARI
00-0030741,R.Nix,PIT
00-0012293,R.Oben,LAC
00-0033374,R.Ortiz,"ATL, NO"
00-0022582,R.Owens,"LA, MIN"
00-0022909,"Roy E, R.Williams","CHI, DAL, DET"
00-0023490,R.Parrish,BUF
00-0034750,R.Penny,SEA
00-0013176,R.Powell,CLE
00-0019913,R.Prince,JAX
00-0013268,R.Proehl,"CAR, IND, LA"
00-0026804,R.Purvis,TB
00-0027040,R.Quinn,DEN
00-0029262,R.Randle,NYG
00-0013523,R.Reed,LAC
00-0013643,R.Rice,DET
00-0026195,R.Rice,BAL
00-0030162,R.Richardson,TEN
00-0035590,R.Ridley,CHI
00-0013785,R.Rivers,"ATL, DET"
00-0025505,R.Robinson,CAR
00-0031384,R.Rodgers,"GB, PHI"
00-0030187,R.Ross,WAS
00-0021273,R.Royal,"BUF, CLE, WAS"
00-0014211,R.Rutledge,"HOU, NE"
00-0033611,R.Seals-Jones,"ARI, CLE, KC, WAS"
00-0014759,R.Shehee,KC
00-0030147,R.Shepard,"CAR, NYG, TB"
00-0019453,R.Smart,CAR
00-0015286,R.Smith,MIN
00-0015290,R.Smith,DEN
00-0022561,R.Smith,KC
00-0029934,R.Smith,CLE
00-0031900,R.Smith,DAL
00-0035957,R.Smith,CAR
00-0019604,R.Soward,JAX
00-0030175,R.Spadola,NYJ
00-0036875,R.Stevenson,NE
00-0029129,R.Streater,"LV, SF"
00-0026968,R.Succop,TEN
00-0015980,R.Swinton,"DAL, DET"
00-0033562,R.Switzer,"DAL, PIT"
00-0029701,R.Tannehill,"MIA, TEN"
00-0016061,R.Tate,MIN
00-0028156,R.Taylor,GB
00-0031533,R.Telfer,CLE
00-0016316,R.Thomas,DAL
00-0016321,R.Thomas,"ATL, TEN"
00-0034221,R.Thomas,MIN
00-0033757,R.Tonyan,GB
00-0026279,R.Torain,WAS
00-0021409,R.Trafford,BUF
00-0032319,R.Travis,"IND, KC"
00-0016660,R.Tucker,"CLE, LA"
00-0029273,R.Turbin,"CLE, DAL, IND, SEA"
00-0027358,R.Wallace,MIA
00-0017322,R.Watters,SEA
00-0020498,R.Wayne,IND
00-0017480,R.Wetnight,"CHI, GB"
00-0028105,R.Whalen,CIN
00-0023462,R.White,ATL
00-0017915,R.Williams,"BAL, MIA, NO"
00-0017922,R.Williams,LV
00-0017924,R.Williams,"LA, LV"
00-0020739,R.Williams,IND
00-0022889,R.Williams,JAX
00-0023570,R.Williams,"TEN, WAS"
00-0027976,R.Williams,ARI
00-0018056,R.Wilson,NO
00-0029263,R.Wilson,SEA
00-0029791,R.Wingo,BUF
00-0022892,R.Woods,SF
00-0030431,R.Woods,"BUF, LA"
00-0036020,S.Ahmed,MIA
00-0021915,S.Aiken,"BUF, CLE, NE"
00-0027581,S.Ajirotutu,"CAR, LAC, PHI"
00-0000166,S.Alexander,"DEN, DET, LAC, WAS"
00-0019647,S.Alexander,"SEA, WAS"
00-0020370,S.Anderson,DET
00-0032725,S.Anderson,"HOU, LAC"
00-0030532,S.Bailey,LA
00-0034844,S.Barkley,NYG
00-0001112,S.Bennett,NYG
00-0021636,S.Berton,"MIN, NYG"
00-0023822,S.Bodiford,GB
00-0027854,S.Bradford,MIN
00-0025529,S.Breaston,"ARI, KC"
00-0002159,S.Bryson,"BUF, DET"
00-0028174,S.Burton,"JAX, MIN"
00-0002380,S.Bush,"ARI, CIN, SF"
00-0035039,S.Carlson,CLE
00-0025516,S.Chandler,"BUF, NE"
00-0028158,S.Chapas,"DAL, DET"
00-0032166,S.Coates,"CLE, HOU, PIT"
00-0033968,S.Coley,MIN
00-0033696,S.Culkin,LAC
00-0004052,S.Davis,"CAR, LA, WAS"
00-0019206,S.Davis,NE
00-0004077,S.Dawkins,"JAX, SEA"
00-0029868,S.Dawson,TB
00-0033080,S.DeValve,"ARI, CLE, JAX"
00-0031588,S.Diggs,"BUF, MIN"
00-0004508,S.Dragos,CHI
00-0028202,S.Draughn,"CLE, KC, SF"
00-0005609,S.Frost,CLE
00-0023074,S.Gado,"GB, HOU, LA, MIA"
00-0005822,S.Gash,"BAL, BUF"
00-0033573,S.Gibson,PHI
00-0025992,S.Giguere,IND
00-0024340,S.Green,CIN
00-0006380,S.Greene,IND
00-0026899,S.Greene,"NYJ, TEN"
00-0029006,S.Hakim,NYJ
00-0025944,S.Hauschka,BUF
00-0028178,S.Havili,"IND, PHI"
00-0023832,S.Havner,GB
00-0007213,S.Heiden,"CLE, LAC"
00-0007389,S.Hicks,"TEN, WAS"
00-0020679,S.Hill,LA
00-0028995,S.Hill,NYJ
00-0024240,S.Holmes,"CHI, NYJ, PIT"
00-0034834,S.Hubbard,CIN
00-0023953,S.Hurd,"CHI, DAL"
00-0020466,S.Hutchinson,SEA
00-0008046,S.Irvin,DET
00-0008190,S.Jackson,BUF
00-0022736,S.Jackson,"ATL, LA, NE"
00-0008313,S.Jefferson,"ATL, DET, NE"
00-0031243,S.Johnson,JAX
00-0026364,"S.Johnson, St. Johnson, St.Johnson","BUF, LAC, SF"
00-0030807,S.Jones,NO
00-0029546,S.Kelemete,ARI
00-0009266,S.King,TB
00-0026323,S.Larsen,DEN
00-0026491,S.Logan,"DET, PIT"
00-0010240,S.Mack,"HOU, JAX"
00-0027567,S.Maneri,"CHI, KC, NE"
00-0010560,S.Matthews,WAS
00-0021581,S.McCullough,WAS
00-0021981,S.McDonald,"DET, LA"
00-0010844,S.McGarrahan,"MIA, TEN"
00-0029391,S.McGrath,"KC, LAC"
00-0022724,S.McHugh,"DET, PIT"
00-0036032,S.McKeon,DAL
00-0010966,S.McKinney,IND
00-0011024,S.McNair,TEN
00-0020476,S.Meier,TEN
00-0034845,S.Michel,"LA, NE"
00-0035298,S.Miller,TB
00-0034081,S.Mitchell,HOU
00-0019109,S.Montgomery,DEN
00-0011641,S.Morey,"ARI, PIT"
00-0035399,S.Morgan,CIN
00-0019484,S.Morris,"BUF, DAL, MIA, NE"
00-0019726,S.Morris,KC
00-0020494,S.Moss,"NYJ, WAS"
00-0024259,S.Moss,NYG
00-0022036,S.Nead,LA
00-0034391,S.Neal,BUF
00-0027088,S.Nelson,BUF
00-0019276,S.O'Hara,CLE
00-0022754,S.Parker,KC
00-0033526,S.Perine,"CIN, WAS"
00-0031209,S.Perry,"BUF, CHI, MIA"
00-0036069,S.Phillips,HOU
00-0013262,S.Pritchett,"ATL, CHI, MIA, PHI"
00-0032911,S.Pulley,NYG
00-0031008,S.Redd,WAS
00-0025431,S.Rice,"MIN, SEA"
00-0028011,S.Ridley,"NE, NYJ, PIT"
00-0031166,S.Roberts,"BAL, CAR, LV"
00-0022817,S.Ryan,"KC, NO, NYJ, SF"
00-0023991,S.Sanders,CLE
00-0025447,S.Satele,IND
00-0014722,S.Sharpe,"BAL, DEN"
00-0014742,S.Shaw,"CIN, CLE"
00-0032385,S.Shepard,NYG
00-0027440,S.Shields,LA
00-0021283,S.Simmons,MIA
00-0031167,S.Simonson,"CAR, NYG"
00-0034928,S.Sims,WAS
00-0026229,S.Slaton,"HOU, MIA"
00-0015053,S.Slutzker,NO
00-0020337,S.Smith,"BAL, CAR"
00-0025438,S.Smith,"LA, NYG, PHI"
00-0036572,S.Smith,CAR
00-0023108,S.Spach,"ARI, LA, PHI"
00-0015627,S.Stenstrom,SF
00-0025621,S.Steptoe,CLE
00-0026953,S.Stroughter,TB
00-0036438,S.Sullivan,CAR
00-0030282,S.Taylor,ARI
00-0031550,S.Thompson,CAR
00-0020094,S.Trejo,DET
00-0025619,S.Vallos,SEA
00-0027994,S.Vereen,"NE, NYG"
00-0021530,S.Vines,DET
00-0022055,S.Wallace,"CLE, SEA"
00-0030414,S.Ware,KC
00-0031325,S.Watkins,"BAL, BUF, KC, LA"
00-0022538,S.Williams,BUF
00-0027349,S.Williams,"ARI, JAX, SEA"
00-0036657,S.Williams,DEN
00-0034621,S.Wilson,TB
00-0031684,S.Wynn,JAX
00-0024549,S.Young,DEN
00-0036534,S.Zylstra,DET
00-0000232,T.Allen,"BAL, NE, NO"
00-0027862,T.Alualu,JAX
00-0019995,T.Ashworth,NE
00-0027813,T.Austin,WAS
00-0030525,T.Austin,"DAL, GB, JAX, LA"
00-0000721,T.Banks,JAX
00-0000745,T.Barber,NYG
00-0027070,T.Beckum,NYG
00-0022893,T.Bell,"DEN, DET"
00-0029269,T.Benjamin,"CLE, LAC, SF"
00-0034930,T.Benson,DET
00-0001224,T.Biakabutuka,CAR
00-0023867,T.Biddle,CAR
00-0024069,T.Bienemann,ARI
00-0036491,T.Black,NYJ
00-0030112,T.Bohanon,"JAX, NYJ"
00-0033009,T.Boyd,CIN
00-0019596,T.Brady,NE
00-0002058,T.Brown,"LV, TB"
00-0002068,T.Brown,NE
00-0002185,T.Buckley,NE
00-0030710,T.Burton,"CHI, IND, PHI"
00-0029205,T.Cadet,"BUF, CAR, NE, NO, NYJ, SF"
00-0022087,T.Calico,TEN
00-0034903,T.Campbell,LAC
00-0019649,T.Canidate,"LA, WAS"
00-0034164,T.Cannon,"CAR, NYJ"
00-0032540,T.Carson,GB
00-0021174,T.Carter,"CLE, LA, NYG"
00-0036691,T.Carter,TEN
00-0025672,T.Castille,"ARI, KC"
00-0026262,T.Choice,"BUF, DAL, IND, WAS"
00-0025573,T.Clayton,CLE
00-0029204,T.Clemons,JAX
00-0036439,T.Cleveland,DEN
00-0003128,T.Cline,SF
00-0027917,T.Clutts,"CHI, DAL, MIA"
00-0033556,T.Cohen,CHI
00-0032058,T.Coleman,"ATL, NYJ, SF"
00-0034270,T.Conklin,MIN
00-0022388,T.Copper,"DAL, KC, NO"
00-0003535,T.Couch,CLE
00-0026878,T.Crabtree,"GB, TB"
00-0023179,T.Curtis,DAL
00-0004054,T.Davis,DEN
00-0004055,T.Davis,NYG
00-0004060,T.Davis,NO
00-0004063,T.Davis,GB
00-0032423,T.Davis,"GB, LV"
00-0036250,T.Davis,"GB, JAX"
00-0032381,T.Decker,DET
00-0021852,T.Devoe,DEN
00-0004293,T.Dilfer,"BAL, SEA"
00-0028061,T.Doss,BAL
00-0036560,T.Doyle,BUF
00-0004524,T.Drayton,"KC, MIA"
00-0021376,T.Duckett,"ATL, DET, WAS"
00-0004673,T.Dwight,"ATL, LAC, LV, NE, NYJ"
00-0033838,T.Edmunds,PIT
00-0004780,T.Edwards,"DET, JAX, LA, PIT"
00-0021437,T.Edwards,ATL
00-0030549,T.Eifert,"CIN, JAX"
00-0032404,T.Ervin,"GB, HOU"
00-0022215,T.Euhus,BUF
00-0027093,T.Fiammetta,"CAR, CHI, DAL"
00-0020964,"T.Fisher, To.Fisher","GB, LA"
00-0022825,T.Fleming,TEN
00-0005324,T.Fletcher,LAC
00-0035592,T.Fulgham,"DET, PHI"
00-0034393,T.Fumagalli,DEN
00-0031228,T.Gabriel,"ATL, CHI, CLE"
00-0023740,T.Gafford,KC
00-0028406,T.Gallarda,ATL
00-0022111,T.Gardner,NO
00-0019670,T.Gaylor,"ATL, LAC"
00-0033633,T.Gentry,CHI
00-0027888,T.Gerhart,"JAX, MIN"
00-0025396,T.Ginn,"ARI, CAR, CHI, MIA, NO, SF"
00-0006043,T.Glenn,"DAL, GB, NE"
00-0035313,T.Godwin,JAX
00-0006101,T.Gonzalez,"ATL, KC"
00-0029660,T.Graham,"BUF, NO, NYJ"
00-0006355,T.Green,KC
00-0033748,T.Green,DET
00-0026562,T.Grisham,PIT
00-0028596,T.Gurley,CLE
00-0032241,T.Gurley,"ATL, LA"
00-0006692,T.Hallock,CHI
00-0019516,T.Hambrick,"ARI, DAL"
00-0006848,T.Hardy,ARI
00-0019816,T.Hasselbeck,WAS
00-0020516,T.Heap,"ARI, BAL"
00-0031800,T.Heinicke,WAS
00-0033112,T.Hemingway,WAS
00-0020471,T.Henry,"BUF, DEN, TEN"
00-0023560,T.Herremans,PHI
00-0033110,T.Higbee,LA
00-0036410,T.Higgins,CIN
00-0026289,T.Hightower,"ARI, NO, WAS"
00-0033040,T.Hill,KC
00-0033357,T.Hill,NO
00-0029608,T.Hilton,IND
00-0035229,T.Hockenson,DET
00-0027606,T.Holliday,DEN
00-0022116,T.Hollings,HOU
00-0007681,T.Holt,"JAX, LA"
00-0035594,T.Homer,SEA
00-0020002,T.Hopkins,NYG
00-0007749,T.Horne,LA
00-0020438,T.Houshmandzadeh,"BAL, CIN, LV, SEA"
00-0034613,T.Hudson,TB
00-0036173,T.Hudson,TEN
00-0023210,T.Humphrey,"GB, NO"
00-0025477,T.Hunt,PHI
00-0019054,T.Insley,IND
00-0035341,T.Irwin,CIN
00-0008196,T.Jackson,SF
00-0035356,T.Jackson,PHI
00-0022124,T.Jacobs,"SF, WAS"
00-0008391,T.Jervey,SF
00-0022051,T.Johnson,"ARI, LV"
00-0036427,T.Johnson,TB
00-0035457,"T.Johnson, Ty.Johnson","JAX, LAC"
00-0035537,"T.Johnson, Ty.Johnson","DET, NYJ"
00-0019641,T.Jones,"ARI, CHI, KC, NYJ, TB"
00-0021268,T.Jones,"BAL, SF"
00-0028063,T.Jones,"BUF, HOU, LV"
00-0031189,T.Jones,"DET, NYG"
00-0032728,T.Jones,PIT
00-0035860,T.Jones,NO
00-0030506,T.Kelce,KC
00-0035544,T.Kennedy,DET
00-0030091,T.King,"NYG, TB"
00-0009288,T.Kirby,"CLE, LV"
00-0032214,T.Kroft,"BUF, CIN, NYJ"
00-0009819,T.Lester,DAL
00-0031442,T.Lewan,TEN
00-0032881,T.Lewis,"MIA, NO"
00-0032211,T.Lockett,SEA
00-0033789,T.Logan,"ARI, TB"
00-0021777,T.Lopienski,IND
00-0022674,T.Luke,DEN
00-0032472,T.Madden,SEA
00-0010261,T.Maddox,PIT
00-0031768,T.Magee,BAL
00-0036955,T.Marshall,CAR
00-0010477,T.Martin,"ATL, MIA"
00-0031391,T.Mason,LA
00-0024458,T.Massaquoi,BUF
00-0010539,T.Mathis,"ATL, PIT"
00-0032123,T.McBride,"CHI, TEN"
00-0032475,T.McEvoy,SEA
00-0010859,T.McGee,"CIN, DAL"
00-0010892,T.McGriff,DEN
00-0037011,T.McKitty,LAC
00-0035659,T.McLaurin,WAS
00-0011187,T.Mickens,LV
00-0020448,T.Minor,"LA, MIA"
00-0011439,T.Mitchell,ARI
00-0033373,T.Mizzell,CHI
00-0027695,T.Moeaki,"ATL, KC, SEA"
00-0032200,T.Montgomery,"BAL, GB, NO, NYJ"
00-0023493,T.Murphy,GB
00-0031816,T.Murphy,PIT
00-0031044,T.Niklas,ARI
00-0012478,T.Owens,"BUF, CIN, DAL, PHI, SF"
00-0033375,T.Patrick,DEN
00-0023623,T.Perry,CIN
00-0019606,T.Pinkston,PHI
00-0035261,T.Pollard,DAL
00-0033164,T.Pope,"LAC, SEA"
00-0019609,T.Prentice,"CLE, MIN"
00-0027693,T.Price,"JAX, NE"
00-0028825,"T.Pryor, T.Pryor Sr.","BUF, CLE, LV, NYJ, WAS"
00-0034339,T.Quinn,WAS
00-0036523,T.Ragas,LV
00-0031897,T.Rawls,SEA
00-0013694,T.Richardson,"KC, MIN, NYJ"
00-0029675,T.Richardson,"CLE, IND"
00-0030107,T.Riddick,"DET, LV"
00-0021678,T.Romo,DAL
00-0033717,T.Rudolph,NYG
00-0014265,T.Saleh,CLE
00-0032147,T.Sambrailo,ATL
00-0026336,T.Santi,IND
00-0024276,T.Scheffler,"DEN, DET"
00-0036984,T.Sermon,SF
00-0032778,T.Sharpe,"ATL, MIN, TEN"
00-0034487,T.Sherfield,"ARI, SF"
00-0014918,T.Simmons,"IND, NE"
00-0015063,T.Small,"NE, PHI"
00-0015331,T.Smith,PHI
00-0019587,T.Smith,"ARI, CLE, DET, NO"
00-0022110,T.Smith,SF
00-0025561,T.Smith,BAL
00-0027996,T.Smith,"BAL, CAR, PHI, SF"
00-0034765,T.Smith,NO
00-0036036,T.Steele,DAL
00-0015655,T.Stephens,LAC
00-0021386,T.Stephens,TB
00-0020268,T.Stewart,"CIN, LV, PHI"
00-0029300,T.Streeter,JAX
00-0015811,T.Streets,"DET, SF"
00-0026790,T.Sutton,CAR
00-0035308,T.Sweeney,BUF
00-0033742,T.Swoopes,SEA
00-0022797,T.Tapeh,"MIN, PHI"
00-0019721,T.Taylor,"BAL, LA, MIN"
00-0028118,T.Taylor,"BAL, BUF, LAC"
00-0033292,T.Taylor,"CIN, SF"
00-0033911,T.Taylor,"CLE, TEN"
00-0027876,T.Tebow,NYJ
00-0025604,T.Thigpen,KC
00-0016331,T.Thomas,"BUF, MIA"
00-0023192,T.Thompson,DAL
00-0029590,T.Thompson,TEN
00-0037005,T.Tremble,CAR
00-0027156,T.Underwood,"JAX, NE, TB"
00-0016837,T.Vanover,LAC
00-0016842,T.Vardell,SF
00-0031526,T.Varga,IND
00-0036630,T.Wallace,BAL
00-0019552,T.Walters,"ARI, DET, IND, MIN"
00-0031682,T.Ward,ATL
00-0030856,T.Washington,JAX
00-0024432,T.Watkins,LV
00-0031793,T.Watson,PHI
00-0030985,T.Watts,LA
00-0017399,T.Weiner,ATL
00-0035259,T.Wesco,NYJ
00-0031375,T.West,"BAL, CLE"
00-0017486,T.Wheatley,LV
00-0033379,T.White,BAL
00-0017697,T.Wilkins,"IND, LA"
00-0027853,T.Williams,ARI
00-0027857,T.Williams,SF
00-0030542,T.Williams,DAL
00-0035291,T.Williams,CIN
00-0036457,T.Williams,BAL
00-0023442,T.Williamson,"JAX, MIN"
00-0032160,"T.Williams, Ty.Williams","DET, LAC, LV"
00-0024293,T.Wilson,CLE
00-0020181,T.Witherspoon,DAL
00-0020126,T.Woodbury,NYJ
00-0029910,T.Wright,"DET, NE, TB"
00-0032209,T.Yeldon,"BUF, JAX"
00-0019127,T.Yoder,"JAX, TB, WAS"
00-0027982,T.Young,DET
00-0029547,V.Ballard,IND
00-0033306,V.Bolden,SF
00-0001783,V.Brisby,"NE, NYJ"
00-0028020,V.Brown,"LAC, LV"
00-0035548,V.Bryant,DAL
00-0027265,V.Cruz,NYG
00-0024221,V.Davis,"DEN, SF, WAS"
00-0028142,V.Green,"DEN, LAC"
00-0021279,V.Haynes,"ATL, PIT"
00-0023496,V.Jackson,"LAC, TB"
00-0036415,V.Jefferson,LA
00-0022224,V.King,MIA
00-0022397,V.Leach,"BAL, GB, HOU"
00-0022089,V.Manuwai,JAX
00-0032188,V.Mayle,"BAL, DAL"
00-0030470,V.McDonald,"PIT, SF"
00-0023508,V.Morency,"GB, HOU"
00-0022054,V.Shiancoe,"MIN, NE, NYG, TEN"
00-0034631,V.Smith,"HOU, NYJ"
00-0020273,V.Sutherland,SF
00-0027429,V.Tucker,KC
00-0034773,V.Vea,TB
00-0022900,W.Allen,PIT
00-0027036,W.Beatty,NYG
00-0001317,W.Blackwell,PIT
00-0023947,W.Buchanon,LV
00-0002962,W.Chrebet,NYJ
00-0034159,W.Dissly,SEA
00-0023072,W.Duke,DEN
00-0004640,W.Dunn,"ATL, TB"
00-0005361,W.Floyd,CAR
00-0026245,W.Franklin,KC
00-0033127,W.Fuller,"HOU, MIA"
00-0033950,"W.Gallman, W.Gallman Jr ","ATL, NYG"
00-0021150,W.Green,CLE
00-0019481,W.Hayes,NYJ
00-0021756,W.Heller,"DET, MIA, SEA, TB"
00-0007254,W.Henderson,GB
00-0035489,W.Hills,DET
00-0022000,W.Hunter,NYJ
00-0028841,"Wi.Johnson, W.Johnson",PIT
00-0008210,W.Jackson,"ATL, CIN, NO, WAS"
00-0031314,W.Johnson,NYJ
00-0024384,W.Lundy,HOU
00-0022178,W.McGahee,"BAL, BUF, CLE, DEN"
00-0010843,W.McGarity,"DAL, NO"
00-0012368,W.Oliver,ATL
00-0019862,W.Ours,TEN
00-0022250,W.Parker,PIT
00-0012832,W.Perry,NO
00-0021923,W.Ponder,NYG
00-0028736,W.Powell,ARI
00-0031268,W.Powell,BUF
00-0013422,W.Rasby,"DET, NO, PIT, WAS"
00-0024310,W.Reid,PIT
00-0014358,W.Sapp,TB
00-0028270,W.Saunders,"IND, PIT"
00-0032782,W.Smallwood,"PHI, WAS"
00-0030663,W.Snead,"BAL, CAR, LV, NO"
00-0023620,W.Svitek,ATL
00-0026557,W.Ta'ufo,JAX
00-0034399,W.Teller,CLE
00-0027905,W.Tukuafu,"SEA, SF"
00-0032004,W.Tye,"NYG, NYJ"
00-0017109,W.Walls,"CAR, GB"
00-0022427,W.Welker,"DEN, LA, MIA, NE"
00-0020046,W.Williams,GB
00-0032739,W.Williams,HOU
00-0024171,W.Wright,NYJ
00-0028253,W.Yeatman,MIA
00-0021886,W.Young,"CAR, PIT"
00-0031035,X.Grimble,PIT
00-0026319,X.Omon,BUF
00-0025461,Y.Figurs,"BAL, DET, LV"
00-0006359,Y.Green,MIA
00-0011854,Y.Murphy,"LA, TB"
00-0016214,Y.Thigpen,TEN
00-0027658,Z.Beadles,DEN
00-0003663,Z.Crockett,LV
00-0004071,Z.Davis,CLE
00-0030061,Z.Ertz,"ARI, PHI"
00-0019290,Z.Flemister,WAS
00-0035222,Z.Gentry,PIT
00-0021712,Z.Hilton,NO
00-0033891,Z.Jones,"BUF, LV"
00-0023384,Z.Keasey,SF
00-0029931,Z.Line,"MIN, NO"
00-0025425,Z.Miller,"LV, SEA"
00-0027125,Z.Miller,"CHI, JAX"
00-0036251,Z.Moss,BUF
00-0033251,Z.Pascal,IND
00-0028509,Z.Pianalto,TB
00-0026658,Z.Potter,JAX
00-0022024,Z.Smith,DAL
00-0030536,Z.Stacy,"LA, NYJ"
00-0024424,Z.Strief,NO
00-0029999,Z.Sudfeld,"NE, NYJ"
00-0030855,Z.Tipton,IND
00-0017637,Z.Wiegert,JAX
00-0037013,Z.Wilson,NYJ
00-0031665,Z.Zenner,"ARI, DET, NO"
